org,repo,activity,comments,prs,commits,issues,authors,project,url
torvalds,linux,70940,57302,14325,13638,14325,1698,Linux kernel,kernel.org
kubernetes+kubernetes-incubator+kubernetes-ui,kubernetes.github.io+kubernetes+charts+helm+test-infra+kops+minikube+kargo+dashboard+cri-o+contrib+heapster+service-catalog+kompose+community+kubeadm+features+bootkube+release+ingress+client-python+client-go+kubernetes-anywhere+node-feature-discovery+kube-state-metrics+rktlet+node-problem-detector+kube-mesos-framework+k8s.io+nfs-provisioner+frakti+git-sync+kube-deploy+pr-bot+perf-tests+spartakus+dns+cluster-proportional-autoscaler+gengo+application-images+topology-graph+reference-docs+kubernetes-template-project+repo-infra+label-selector+container-terminal+md-check+kubernetes-bootcamp+graph,76129,54149,11296,3803,6881,602,Kubernetes,kubernetes.io
DefinitelyTyped,DefinitelyTyped,6920,3903,1689,1014,314,497,DefinitelyTyped,definitelytyped.org
facebook+reactjs+airbnb+facebookincubator,jest+react+redux+AsyncDisplayKit+react-native-maps+fbctf+react-native+rocksdb+draft-js+osquery+reason+create-react-app+mysql-5.6+react-dates,31586,23395,2819,2356,3016,458,React,facebook.com
NixOS,nixpkgs,13298,7883,1820,2965,630,418,NixOS,nixos.org
Homebrew,homebrew-core+homebrew-science+homebrew-php+brew,10401,6447,1998,1347,609,395,Homebrew,brew.sh
caskroom,homebrew-cask,6550,1502,2779,1794,475,395,Homebrew Cask,caskroom.github.io
angular+angular-ui+AngularClass,angular+angular.io+angular-cli+angular.js+material2+ui-grid+angular2-webpack-starter+material,29760,21644,2218,2124,3774,355,Angular,angular.io
Microsoft+dotnet,vscode+vsts-tasks+roslyn+vcpkg+vscode-docs+roslyn-project-system+msbuild+vscode-mssql+vsts-agent,43578,29526,2291,5109,6652,348,VS Code,code.visualstudio.com
docker,docker.github.io+docker+distribution+docker-py+infrakit+compose,21828,16052,2143,1652,1981,341,Docker,mobyproject.org
dotnet,corefx+coreclr+cli+docs+buildtools+core-setup+sdk+corert+docfx+core+wcf,33817,24514,3450,3323,2530,337,dotnet,microsoft.com/net
Azure,azure-quickstart-templates+azure-rest-api-specs+azure-powershell+azure-sdk-for-net+azure-xplat-cli+azure-cli+autorest+azure-sdk-for-java+azure-webjobs-sdk-script,11713,7253,1674,1628,1158,329,Azure,azure.github.io
ansible,ansible+ansible-modules-extras+ansible-modules-core,14532,9528,1931,1706,1367,297,Ansible,ansible.com
tensorflow,tensorflow+models,13391,10528,850,555,1458,237,TensorFlow,tensorflow.org
yarnpkg,yarn+website,9783,7128,644,699,1312,232,yarn,yarnpkg.com
elastic,elasticsearch+kibana+beats+logstash+elasticsearch-net,20746,12109,2286,4191,2160,213,Elasticsearch,elastic.co/products/elasticsearch
hashicorp,terraform,8388,5352,744,1318,974,212,Terraform,terraform.io
fossasia,gci16.fossasia.org+susi_android+open-event-android+open-event-orga-server+loklak_search,9779,6189,1261,1584,745,206,fossasia,fossasia.org
mozilla,addons-server+testpilot+addons-frontend+pdf.js+fxa-content-server+activity-stream+tofino,11506,5680,1030,3475,1321,199,Mozilla,mozilla.org
nodejs,node,8766,6932,870,454,510,176,Node.js,nodejs.org
odoo,odoo,5396,3013,795,1117,471,175,Odoo,odoo.com
eclipse,che+omr+jetty.project+smarthome+kura+kapua,13650,8024,1209,3115,1302,161,Eclipse,eclipse.org
Automattic,wp-calypso,13208,6043,1330,5194,641,156,WP Calypso,developer.wordpress.com/calypso
dmlc,mxnet+xgboost,6157,4327,566,447,817,138,DMLC,dmlc.github.io
ManageIQ,manageiq,11563,7558,1795,2033,177,133,ManageIQ,manageiq.org
webpack,webpack.js.org+webpack,5215,3668,469,606,472,123,webpack,github.com/webpack
openwrt,packages+openwrt,2586,1539,492,396,159,122,OpenWrt,openwrt.org
influxdata,telegraf+influxdb+docs.influxdata.com+chronograf,5463,2758,486,1581,638,117,InfluxData,influxdata.com
aspnet,Docs+EntityFramework+Mvc+KestrelHttpServer,9241,5957,678,1624,982,117,ASP.net,asp.net
driftyco,ionic+ionic-native+ionic-app-scripts,11700,8350,395,1079,1876,115,Ionic,ionicframework.com
vuejs,vuejs.org+vuex+vue-router,3385,2177,315,384,509,115,vuejs,vuejs.org
rails,rails,4488,3072,550,555,311,114,Ruby on Rails,rubyonrails.org
grpc+grpc-ecosystem,grpc+grpc-java+grpc-go+grpc-gateway+grpc.github.io+grpc-swift+grpc-opentracing+grpc-haskell+grpc-docker-library+homebrew-grpc+grpc-simon-says+java-grpc-prometheus+grpc-experiments+go-grpc-prometheus+polyglot,8700,5272,1639,689,1100,107,gRPC,grpc.io
ampproject,amphtml+amp-by-example,6969,4571,887,829,682,107,AMP,ampproject.org
w3c,web-platform-tests,2174,1038,437,632,67,106,W3C Platform Tests,irc.w3.org/?channels=testing
fa16scmorg,FA16SCM,846,109,252,209,276,100,Assignment Simulaton Repository,github.com/fa16scmorg/FA16SCM
prometheus,prometheus+node_exporter+alertmanager+docs+client_golang+snmp_exporter+client_java+client_python+blackbox_exporter+jmx_exporter+mysqld_exporter+prometheus.github.io+consul_exporter+common+memcached_exporter+client_ruby+pushgateway+cloudwatch_exporter+promu+haproxy_exporter+collectd_exporter+graphite_exporter+procfs+golang-builder+client_model+promdash+statsd_exporter+nagios_plugins+influxdb_exporter+busybox+prom2json,4718,2796,706,594,622,98,Prometheus,prometheus.io
scikit-learn,scikit-learn,5391,4656,317,186,232,95,scikit-learn,""
hzuapps,java-web,1355,278,565,420,92,95,hzuapps,github.com/hzuapps
bioconda,bioconda-recipes,2721,1302,721,623,75,94,bioconda,bioconda.github.io
serverless,serverless,4451,2798,404,856,393,92,Serverless Framework,serverless.com
vmware,vic+docker-volume-vsphere+harbor+clarity,9915,6400,913,1507,1095,90,VMware,vmware.github.io
auth0,docs+lock,2743,905,626,991,221,90,Auth0,auth0.com
SpartanRefactoring,Spartanizer,5576,2497,66,2196,817,89,Spontanizer,spartan.org.il
python,typeshed+mypy,3295,2116,368,524,287,88,python,""
open-guides,og-aws,1170,660,224,216,70,87,open-guides,""
ReactiveX,RxSwift+rxjs+RxJava,3509,2403,315,433,358,87,ReactiveX,reactivex.io
voidlinux,void-packages,4029,1226,441,2223,139,86,The Void distribution,voidlinux.eu
Automattic,jetpack,4881,1971,493,2107,310,86,Automattic Jetpack,jetpack.com
ethereum,go-ethereum+solidity+cpp-ethereum+mist+ethereumj,7042,3665,754,1947,676,86,Ethereum,ethereum.org
mapbox,mapbox-gl-native+mapbox-gl-js,7884,3849,691,2488,856,85,Mapbox,mapbox.com
chef,chef+inspec,2343,1147,249,757,190,83,Chef,chef.io/chef
zurb,foundation-sites,2523,1809,213,344,157,83,zurb,zurb.com
twbs,bootstrap,3150,2039,277,445,389,82,twbs,""
flowtype,flow-typed,840,458,163,153,66,81,flowtype,""
phpmyadmin,phpmyadmin,1520,676,64,580,200,79,phpmyadmin,""
department-of-veterans-affairs,vets-website+vets-api+caseflow,11926,3869,1144,6202,711,79,Caseflow,va.gov
ElemeFE,element+mint-ui,7176,4024,875,884,1393,79,ElemeFE,""
HaliteChallenge,Halite,1541,375,157,824,185,77,Halite,halite.io
iron-io,functions,907,200,112,522,73,76,Iron.io,iron.io
ArduPilot,ardupilot,3457,2439,388,451,179,75,ArduPilot,ardupilot.org
tgstation,tgstation,11759,9738,1202,348,471,75,SS13,tgstation13.org
rapid7,metasploit-framework,2635,1972,224,273,166,74,Rapid7,rapid7.com
fpco,stackage,960,448,152,304,56,73,Hackage,stackage.org
duckduckgo,zeroclickinfo-goodies+zeroclickinfo-fathead,2378,1820,249,134,175,71,DuckDuckHack,duckduckhack.com
Microsoft,UWPCommunityToolkit+LightGBM+ApplicationInsights-dotnet-server,4412,2917,286,888,321,71,Microsoft,""
systemd,systemd,3374,2458,341,223,352,71,systemd,freedesktop.org/wiki/Software/systemd
greenplum-db,gpdb,1981,1225,292,409,55,71,greenplum-db,""
fastlane,fastlane,6399,4879,470,409,641,71,fastlane,fastlane.tools
JuliaLang,julia,7049,4879,487,1201,482,70,Julia,julialang.org
woocommerce,woocommerce,3164,1613,284,805,462,67,woocommerce,""
magento,magento2,7065,5731,180,110,1044,67,Magento,magento.com/home
RocketChat,Rocket.Chat,4208,2460,301,871,576,67,RocketChat,rocket.chat
home-assistant,home-assistant,6189,4405,851,388,545,66,Home Assistant,home-assistant.io
joomla,joomla-cms,7156,5601,483,729,343,65,Joomla,joomla.org
xitu,gold-miner,2794,1992,154,473,175,65,xitu,""
OfficeDev,office-ui-fabric-react+office-js-docs,1837,686,300,625,226,64,Office Developer,dev.office.com
LLNL,spack,5560,4159,500,554,347,62,LLNL,""
eslint,eslint,3794,2846,214,427,307,62,eslint,eslint.org
EFForg,https-everywhere,3342,2147,689,341,165,61,HTTPS Everywhere,eff.org/https-everywhere
ARMmbed,mbed-os,4085,3232,375,243,235,61,ARMmbed,""
frappe,erpnext+frappe,3764,1393,671,1095,605,60,frappe,""
devtools-html,debugger.html,3051,2037,358,347,309,59,devtools-html,""
coreos,etcd+kube-aws+dex,4096,2811,493,434,358,59,CoreOS,coreos.com
nextcloud,server+android+calendar,6323,4023,315,1290,695,58,Nextcloud,nextcloud.com
TrinityCore,TrinityCore,5069,3524,156,844,545,56,TrinityCore,trinitycore.org
librenms,librenms,3347,2413,341,317,276,56,librenms,""
google,WebFundamentals,1411,399,339,589,84,56,Google WebFundamentals,developers.google.com/web/fundamentals
matplotlib,matplotlib,3043,2367,243,207,226,55,matplotlib,""
Sylius,Sylius,3540,2035,678,607,220,55,Sylius,""
libretro,RetroArch,4567,1997,351,1915,304,55,libretro,libretro.com
react-toolbox,react-toolbox,1277,828,98,183,168,54,react-toolbox,""
PowerShell,PowerShell,2629,1846,245,196,342,54,PowerShell,microsoft.com/powershell
prestodb,presto,2959,1814,486,379,280,54,prestodb,""
alibaba,weex,2866,1600,320,503,443,54,Alibaba,alibaba.com
zeit,next.js,2794,2003,159,333,299,54,Next.js,zeit.co/blog/next2
Codeception,Codeception,1433,948,163,168,154,54,Codeception,""
baidu,Paddle+bfs,2134,1125,339,400,270,54,baidu,""
deeplearning4j,deeplearning4j+nd4j,3667,1477,350,1465,375,53,deeplearning4j,""
Baystation12,Baystation12,2909,1832,482,394,201,53,Baystation12,baystation12.net
KSP-CKAN,NetKAN,1481,729,368,311,73,52,CKAN,ksp-ckan.org
CleverRaven,Cataclysm-DDA,6343,4992,562,247,542,52,Cataclysm-DDA,en.cataclysmdda.com
mattermost,platform+mattermost-mobile,4659,2756,652,927,324,51,Mattermost,mattermost.org
hpi-swt2,workshop-portal,1203,258,95,702,148,51,hpi-swt2,""
nim-lang,Nim,1150,555,132,265,198,51,nim-lang,""
openssl,openssl,3423,2467,347,446,163,50,OpenSSL,openssl.org
palantir,atlasdb,2760,839,274,1540,107,50,AtlasDB,palantir.github.io/atlasdb
realm,realm-js+realm-java+realm-cocoa,6059,4120,234,1034,671,50,Realm,realm.io
hashicorp,vault,1355,778,123,318,136,50,Vault,vaultproject.io
mesosphere,marathon,2740,1265,110,1092,273,50,Mesos,mesos.apache.org
google,protobuf,1854,1356,160,150,188,50,Google Protocol Buffers,developers.google.com/protocol-buffers
jhipster,generator-jhipster,2876,2074,331,249,222,49,jhipster,""
ant-design,ant-design,4411,2745,246,522,898,49,Ant Design,ant.design
codebuddiesdotorg,cb-v2-scratch,928,558,115,186,69,49,codebuddiesdotorg,""
domoticz,domoticz,1200,703,129,294,74,49,domoticz,""
numpy,numpy,2021,1580,161,126,154,49,numpy,""
valor-software,ng2-bootstrap,1658,1066,116,282,194,48,valor-software,""
RIOT-OS,RIOT,3632,3041,309,217,65,48,RIOT-OS,""
Dolibarr,dolibarr,1581,465,275,702,139,48,Dolibarr,""
akka,akka+akka-http+alpakka,3130,2243,335,178,374,48,Akka,akka.io
SeleniumHQ,selenium,2198,1417,93,325,363,48,SeleniumHQ,""
palantir,tslint,1501,815,198,318,170,48,TSLint,palantir.github.io/tslint
hechoendrupal,DrupalConsole,1247,794,179,158,116,47,hechoendrupal,""
capitalone,cloud-custodian+Hygieia,2244,1432,246,339,227,47,capitalone,""
mantidproject,mantid,4426,1262,327,2467,370,47,Mantid,mantidproject.org
google,oss-fuzz,1788,567,135,987,99,47,Google OSS-Fuzz,github.com/google/oss-fuzz
symfony,symfony,4987,3931,550,176,330,47,Symfony,symfony.com
Particular,docs.particular.net+NServiceBus,4342,2122,396,1590,234,47,NServiceBus,particular.net/nservicebus
openhab,openhab,1956,1555,144,120,137,46,openHAB,openhab.org
HTBox,allReady,1773,1217,171,156,229,46,HTBox,""
hashicorp,consul,1251,658,129,353,111,46,Consul,consul.io
perl6,doc,1237,354,65,692,126,46,perl6,""
KeepSafe,aiohttp,1287,686,101,405,95,46,KeepSafe,""
coala,coala+coala-bears,7452,5940,552,566,394,45,coala,""
pimcore,pimcore,1173,459,70,440,204,45,pimcore,""
openshift,openshift-ansible,2401,1558,348,354,141,45,OpenShift,openshift.com
kaldi-asr,kaldi,1722,1354,150,146,72,45,kaldi-asr,""
torchbox,wagtail,746,462,103,113,68,45,torchbox,""
Leaflet,Leaflet,1081,694,92,152,143,45,Leaflet,""
NativeScript,NativeScript+nativescript-cli,4266,2564,326,828,548,45,NativeScript,nativescript.org
GoogleCloudPlatform,google-cloud-node+google-cloud-java+google-cloud-python,3964,2719,386,478,381,44,Google Cloud Platform,cloud.google.com
zeit,hyper,2921,2229,104,207,381,44,Hyper,hyper.is
brave,browser-laptop,9244,5870,463,1189,1722,44,Brave Software,brave.com
celery,celery,1224,699,62,278,185,43,celery,""
cockroachdb,cockroach+docs,9267,5462,784,1081,1940,43,Cockroach DB,cockroachlabs.com
scipy,scipy,1659,1332,132,88,107,43,scipy,""
gradle,gradle,3501,1032,129,2086,254,43,gradle,""
atom,atom,4096,2779,167,632,518,43,Atom,atom.io
cocos2d,cocos2d-x,1807,1187,238,202,180,43,Cocos2d-x,cocos2d-x.org
publiclab,plots2,2504,2017,192,172,123,43,publiclab,""
pfnet,chainer,1635,820,221,485,109,43,pfnet,""
akeneo,pim-community-dev,2094,372,319,1352,51,43,akeneo,""
primefaces,primeng,2503,1290,125,496,592,43,primefaces,""
the-control-group,voyager,1913,1134,246,288,245,42,the-control-group,""
Semantic-Org,Semantic-UI-React,2444,1355,189,678,222,42,Semantic-Org,""
codecombat,codecombat,1122,197,100,757,68,42,CodeCombat,codecombat.com
code-corps,code-corps-ember+code-corps-api,3406,1417,312,1375,302,42,code-corps,""
airbnb,superset+caravel,2308,1252,321,392,343,41,Superset,github.com/airbnb/superset
dotnet,orleans,1939,1418,204,202,115,41,Microsoft Orleans,dotnet.github.io/orleans
grafana,grafana,3534,2314,188,319,713,41,grafana,""
ember-cli,ember-cli,1481,987,130,263,101,41,ember-cli,""
sosy-lab,sv-benchmarks,1708,1172,191,271,74,41,sosy-lab,""
prebid,Prebid.js,1229,770,141,220,98,41,prebid,""
01org,ciao+zephyr.js+cc-oci-runtime,4199,2742,495,525,437,41,01org,""
neo4j,neo4j,1955,722,433,728,72,41,neo4j,""
KhronosGroup,Vulkan-LoaderAndValidationLayers,1861,756,226,771,108,41,Kronos Vulkan,kronos.org
acquia,blt+lightning,1741,640,305,613,183,41,acquia,""
Microsoft,Virtualization-Documentation,1015,526,71,355,63,40,Microsoft Virtualization,github.com/Microsoft/Virtualization-Documentation
minetest,minetest,3606,3085,185,125,211,40,minetest,""
curl,curl,1194,807,56,247,84,40,curl,""
explosion,spaCy,1250,617,64,421,148,40,explosion,""
spring-projects,spring-boot,3206,1990,161,555,500,40,spring-projects,""
PaddlePaddle,Paddle,2032,1292,221,200,319,40,PaddlePaddle,""
broadinstitute,gatk+cromwell,2621,1318,185,867,251,40,Broad Institute,broadinstitute.org
github,linguist+VisualStudio,2033,1373,174,326,160,40,GitHub,github.com
simulationcraft,simc,2129,842,53,913,321,40,simulationcraft,""
sequelize,sequelize,1924,1403,104,137,280,40,Sequelize,docs-sequelizejs.com
electron,electron,3374,2369,264,198,543,39,electron,""
playframework,playframework,954,564,150,157,83,39,Play Framework,playframework.com
meteor,meteor,3537,2919,88,256,274,39,Meteor,meteor.com
composer,composer,1740,1368,78,107,187,39,composer,""
PX4,Firmware,3429,2350,321,533,225,39,PX4,""
pixijs,pixi.js,2344,1605,200,243,296,39,pixijs,""
wix,wix-style-react+react-native-navigation,2263,1056,134,811,262,39,WiX,wixtoolset.org
angular,zone.js+universal-starter,1196,770,106,182,138,39,angular,""
magefree,mage,1161,366,199,467,129,38,magefree,""
codemirror,CodeMirror,758,432,80,124,122,38,codemirror,""
pingcap,tidb+tikv,5886,2522,644,2452,268,38,PingCAP,github.com/pingcap
pandas-dev,pandas,2764,2078,262,108,316,38,pandas-dev,""
codenvy,codenvy,3226,1355,253,1275,343,38,codenvy,""
wireapp,wire-ios+wire-android+wire-webapp+wire-desktop,5595,1640,713,2915,327,38,Wire Swiss GmbH,wire.com
certbot,certbot,2296,1477,164,396,259,38,certbot,""
OrchardCMS,Orchard,1175,717,116,155,187,37,OrchardCMS,""
lxc,lxc+lxd,2737,1971,243,277,246,37,lxc,""
fluent,fluentd+fluent-bit+fluent-plugin-kafka+fluent-plugin-s3+fluentd-docker-image+fluent-logger-ruby+fluentd-docs+fluentd-website+fluent-bit-docs+fluent-plugin-grok-parser+fluent-bit-go+fluent-logger-golang+fluent-plugin-flume+serverengine+fluent-plugin-mongo+fluent-logger-node+fluent-logger-python+fluentd-ui+fluent-logger-perl+fluent-plugin-webhdfs+fluentd-forwarder+fluent-plugin-multiprocess+fluent-logger-scala+fluent-plugin-sql+NLog.Targets.Fluentd+fluent-bit-docker,2358,976,363,763,256,37,Fluentd,fluentd.org
HabitRPG,habitica,1600,1016,142,365,77,37,HabitRPG,""
bitcoin,bitcoin,3856,3196,403,86,171,37,bitcoin,""
JabRef,jabref,2540,1446,200,742,152,37,JabRef,""
yiisoft,yii2,3827,3000,277,165,385,37,yiisoft,""
MovingBlocks,Terasology,1442,1092,129,118,103,37,MovingBlocks,""
elixir-lang,elixir,1176,718,243,146,69,37,elixir-lang,""
wordpress-mobile,WordPress-iOS+WordPress-Android,4064,1832,369,1506,357,37,WordPress-mobile,make.wordpress.org/mobile
smartdevicelink,sdl_core,1133,699,164,152,118,36,smartdevicelink,""
MinecraftForge,MinecraftForge,2214,1777,167,129,141,36,MinecraftForge,""
astropy,astropy,2455,2007,163,177,108,36,astropy,""
zfsonlinux,zfs,2478,1982,185,149,162,36,zfsonlinux,""
gatsbyjs,gatsby,797,506,59,156,76,36,gatsbyjs,""
date-fns,date-fns,657,375,72,149,61,36,date-fns,""
weaveworks,scope+weave,2557,1337,196,821,203,36,weaveworks,""
almende,vis,2147,1498,176,194,279,36,almende,""
google,closure-compiler,946,678,52,93,123,35,Google Closure Compiler,developers.google.com/closure/compiler
jruby,jruby,2031,915,88,889,139,35,jruby,""
hashicorp,nomad,1738,887,167,497,187,35,Nomad,nomadproject.io
cake-build,cake,1061,827,66,62,106,35,cake-build,""
libgdx,libgdx,865,566,77,118,104,35,libgdx,""
OpenRCT2,OpenRCT2,2585,1756,238,363,228,35,OpenRCT2,openrct2.website
micropython,micropython,2334,1685,119,365,165,35,micropython,""
galaxyproject,galaxy,1800,1200,235,218,147,35,galaxyproject,""
owncloud,core+client,3901,2979,185,366,371,35,ownCloud,owncloud.org
antlr,antlr4,1657,1179,153,198,127,34,antlr,""
iovisor,bcc,842,577,104,99,62,34,iovisor,""
mesonbuild,meson,2263,1386,276,444,157,34,mesonbuild,""
dotCMS,core,1716,573,194,626,323,34,dotCMS,""
kivy,kivy,1351,917,97,216,121,34,kivy,""
haskell,cabal,1890,1407,163,194,126,34,haskell,""
fish-shell,fish-shell,2765,2169,89,305,202,34,fish-shell,""
ReadyResponder,ReadyResponder,683,460,91,73,59,34,ReadyResponder,""
zeromq,libzmq,703,485,79,82,57,34,zeromq,""
sympy,sympy,1599,1235,159,78,127,34,sympy,""
idaholab,moose,2156,1475,262,217,202,33,idaholab,""
fabric8io,fabric8+fabric8-maven-plugin,2082,948,253,682,199,33,fabric8,fabric8.io
WordPress,twentyseventeen,1835,1253,208,203,171,33,WordPress,""
lampepfl,dotty,1412,940,183,150,139,33,lampepfl,""
wallabag,wallabag,2342,1360,222,542,218,33,wallabag,""
Microsoft,TypeScript,9297,6331,455,1065,1446,33,TypeScript,typescriptlang.org
cakephp,cakephp,1842,1300,174,193,175,33,CakePHP,cakephp.org
GoogleChrome,lighthouse,2789,1528,265,620,376,33,Google Chrome,google.com/chrome
TEAMMATES,teammates,927,550,108,192,77,33,TEAMMATES,teammatesv4.appspot.com
silverstripe,silverstripe-framework,1260,854,130,145,131,33,silverstripe,""
mapsme,omim,3118,1790,617,633,78,33,MAPS.ME,maps.me
AnalyticalGraphicsInc,cesium,2025,1160,165,534,166,32,AnalyticalGraphicsInc,""
ngageoint,hootenanny+scale,2125,860,164,848,253,32,ngageoint,""
zalando-incubator,pazuzu+kubernetes-on-aws,1364,591,222,440,111,32,zalando-incubator,""
babel,babel+babili,2389,1600,240,243,306,32,babel,""
opentracing,opentracing.io+specification+opentracing-java+opentracing.github.io+opentracing-csharp+opentracing-go+contrib+opentracing-javascript+opentracing-cpp+opentracing-ruby+basictracer-go+opentracing-python+opentracing-objc+basictracer-python+basictracer-csharp,1118,631,150,226,111,32,OpenTracing,opentracing.io
pytest-dev,pytest,1040,776,85,76,103,32,pytest-dev,""
stylelint,stylelint,1463,955,90,283,135,32,stylelint,""
RobotLocomotion,drake,10766,9129,690,612,335,32,RobotLocomotion,drake.mit.edu
emberjs,ember.js,1505,997,159,178,171,32,Ember.js,emberjs.com
zestedesavoir,zds-site,1766,1364,144,149,109,31,zestedesavoir,""
yandex,ClickHouse,944,251,101,520,72,31,yandex,""
IgniteUI,ignite-ui,574,100,189,185,100,31,IgniteUI,""
ethcore,parity,7873,2428,871,3843,731,31,Parity,github.com/paritytech/parity
zooniverse,Panoptes-Front-End,1607,890,165,437,115,31,zooniverse,""
apollostack,apollo-client,1870,1238,123,330,179,31,apollostack,""
vaadin,framework+vaadin-grid,2509,1349,225,786,149,31,vaadin,""
open-mpi,ompi,2286,1529,371,303,83,31,open-mpi,""
rsyslog,rsyslog,1039,730,84,120,105,31,rsyslog,""
WhisperSystems,Signal-Android+Signal-iOS,2891,1983,172,412,324,30,WhisperSystems,""
conda,conda+conda-build,3466,2386,250,314,516,30,conda,""
almighty,almighty-ui+almighty-core,3347,2120,329,445,453,30,almighty,""
ceph,ceph-ansible,1276,758,140,308,70,30,ceph,""
cplusplus,draft,1718,806,293,543,76,30,cplusplus,""
hazelcast,hazelcast,2354,1277,391,522,164,30,hazelcast,""
openwhisk,openwhisk,1559,1064,194,166,135,30,openwhisk,""
neos,neos-development-collection,841,423,146,199,73,30,neos,""
24pullrequests,24pullrequests,767,364,91,186,126,30,24pullrequests,""
opencart,opencart,695,445,58,55,137,30,opencart,""
witheve,Eve,1420,584,115,573,148,30,witheve,""
LO23TD01,LO23TD01,723,217,110,320,76,30,LO23TD01,""
xcat2,xcat-core,2152,1429,266,264,193,30,xcat2,""
infinitered,ignite,860,502,69,181,108,30,infinitered,""
Flexget,Flexget,1254,655,68,420,111,30,Flexget,""
animusdev,green+Old-World-Blue,1669,742,170,579,178,30,animusdev,""
Microsoft,WinObjC,2046,1219,260,271,296,29,Microsoft Objective-C for Windows,github.com/Microsoft/WinObjC
habitat-sh,habitat,2505,1559,233,652,61,29,habitat-sh,""
containous,traefik,1426,1019,105,100,202,29,containous,""
CartoDB,cartodb,5426,2307,411,1987,721,29,CARTO,carto.com
moment,moment,1110,837,81,52,140,29,moment,""
druid-io,druid,1742,1238,226,185,93,29,druid-io,""
pypa,pip,1135,830,106,72,127,29,pypa,""
scrapy,scrapy,939,690,81,76,92,29,scrapy,""
sqlcollaborative,dbatools,1313,453,147,601,112,29,sqlcollaborative,""
bolt,bolt,1756,953,233,434,136,29,bolt,""
StackStorm,st2,1155,506,147,433,69,29,StackStorm,""
BD2KGenomics,toil+brca-exchange,1965,925,167,582,291,29,BD2KGenomics,""
streamlink,streamlink,2184,1804,117,101,162,29,streamlink,""
clab,dynet,750,415,59,195,81,29,clab,""
JMRI,JMRI,2115,983,363,348,421,29,JMRI,""
FriendsOfSymfony,FOSUserBundle,796,563,84,94,55,29,FriendsOfSymfony,""
projectcalico,calico+calico-containers,2041,1060,339,367,275,29,projectcalico,""
coreos,rkt,1645,1035,297,130,183,29,rkt,github.com/rkt/rkt
Microsoft,HoloToolkit-Unity,1015,746,100,79,90,28,Microsoft HoloToolkit,github.com/Microsoft/HoloToolkit
matrix-org,synapse+matrix-appservice-irc,1608,777,151,533,147,28,matrix-org,""
ESMCI,cime,1510,911,172,252,175,28,ESMCI,""
getsentry,sentry,2349,715,327,1175,132,28,getsentry,""
draft-js-plugins,draft-js-plugins,655,405,80,89,81,28,draft-js-plugins,""
mlr-org,mlr,1170,689,64,329,88,28,mlr-org,""
HospitalRun,hospitalrun-frontend,825,396,114,243,72,28,HospitalRun,""
twitter,heron,961,627,121,149,64,28,twitter,""
koding,koding,3773,1013,523,1913,324,28,koding,""
yogstation13,yogstation,3647,2712,434,296,205,28,Yogstation13,yogstation.net
sphinx-doc,sphinx,1688,1125,99,260,204,28,sphinx-doc,""
SpongePowered,SpongeCommon,983,366,52,457,108,27,SpongePowered,""
palantir,blueprint,1432,772,135,348,177,27,palantir,""
H4PM,Elywing,1532,1026,86,253,167,27,H4PM,""
Project-OSRM,osrm-backend,3528,1475,245,1524,284,27,Project-OSRM,""
acemod,ACE3,1866,1001,187,557,121,27,ACE Mod,acemod.com
dailymotion,hls.js,1223,770,62,271,120,27,dailymotion,""
RaRe-Technologies,gensim,1097,841,98,89,69,27,RaRe-Technologies,""
DarkstarProject,darkstar,969,566,151,187,65,27,DarkstarProject,""
assimp,assimp,575,288,61,172,54,27,assimp,""
microservices-demo,microservices-demo,751,222,93,353,83,27,microservices-demo,""
intelsdi-x,snap,809,496,126,108,79,27,intelsdi-x,""
canjs,canjs,1172,375,114,522,161,27,canjs,""
openSUSE,open-build-service,1526,908,249,298,71,27,openSUSE,""
steemit,steemit.com+steem,3252,1576,349,846,481,27,steemit,""
voteamerica,voteamerica.github.io,760,468,93,112,87,27,voteamerica,""
odota,ui,3354,774,180,2225,175,27,odota,""
mautic,mautic,2189,1428,168,205,388,26,mautic,""
contiki-os,contiki,931,729,73,50,79,26,contiki-os,""
GoogleCloudPlatform,google-cloud-ruby+google-cloud-dotnet,2144,1187,312,484,161,26,GoogleCloudPlatform,""
Nukkit,Nukkit,1398,982,176,125,115,26,Nukkit,""
BVLC,caffe,1601,1180,102,62,257,26,BVLC,""
Microsoft,visualfsharp,2432,1777,206,207,242,26,Microsoft F#,github.com/Microsoft/visualfsharp
google,material-design-lite,824,525,62,126,111,26,Google Material Design Components,getmdl.io
metabase,metabase,3577,2134,273,820,350,26,metabase,""
fullstackreact,react-native-firestack,786,550,60,76,100,26,fullstackreact,""
howdyai,botkit,823,568,66,99,90,26,howdyai,""
zulip,zulip,4582,3441,826,101,214,26,zulip,""
pyconsk,django-konfera,598,298,112,134,54,26,pyconsk,""
youtube,vitess,1284,670,263,285,66,26,youtube,""
ParsePlatform,parse-server,2677,1941,142,286,308,26,Parse,parseplatform.github.io
pantsbuild,pants,813,394,161,177,81,26,pantsbuild,""
cerebral,cerebral,1522,667,220,581,54,26,cerebral,""
citra-emu,citra,1622,1200,156,129,137,26,citra-emu,""
cBioPortal,cbioportal,1051,614,152,151,134,26,cBioPortal,""
PowerDNS,pdns,868,375,207,176,110,26,PowerDNS,""
saltstack,salt,6155,4672,732,50,701,26,SaltStack,repo.saltstack.com
servo,servo,5873,4753,647,141,332,25,The Servo Browser Engine,servo.org
swimlane,angular2-data-table,1088,701,53,173,161,25,swimlane,""
robotology,yarp,898,405,81,361,51,25,robotology,""
aframevr,aframe,855,568,106,75,106,25,aframevr,""
mruby,mruby,432,135,93,153,51,25,mruby,""
conan-io,conan,1606,1143,123,164,176,25,conan-io,""
pymc-devs,pymc3,1958,1488,117,253,100,25,pymc-devs,""
TauCetiStation,TauCetiClassic,1470,982,205,164,119,25,TauCetiStation,""
Shippable,base,972,122,327,325,198,25,Shippable,""
collectd,collectd,933,630,94,141,68,25,collectd,""
PokemonGoMap,PokemonGo-Map,2717,2424,111,52,130,25,PokemonGoMap,pokemongomap.info
qTox,qTox,1926,1491,168,155,112,25,qTox,""
esl,MongooseIM,962,390,91,424,57,25,esl,""
rackerlabs,rackspace-how-to,1059,635,141,202,81,25,rackerlabs,""
commercialhaskell,stack,1441,1035,52,183,171,25,commercialhaskell,""
deis,workflow,397,218,63,57,59,25,deis,""
SparkDevNetwork,Rock,734,201,92,366,75,25,SparkDevNetwork,""
javaslang,javaslang,1034,695,125,142,72,25,javaslang,""
iTXTech,Genisys,1596,1181,87,99,229,25,iTXTech,""
concrete5,concrete5,1824,898,244,452,230,25,concrete5,""
cdnjs,cdnjs,3273,2336,426,86,425,25,cdnjs,""
bounswe,bounswe2016group12+bounswe2016group11,1165,143,163,672,187,25,bounswe,""
spree,spree,422,169,106,91,56,24,Spree,guides.spreecommerce.org
angular,protractor,1376,947,106,123,200,24,Protractor,protractortest.org
openthread,openthread,1249,578,315,299,57,24,openthread,""
rcbops,rpc-openstack,1833,1349,114,301,69,24,rcbops,""
mockito,mockito,1597,1068,97,320,112,24,mockito,""
videojs,video.js,1167,756,105,175,131,24,videojs,""
dealii,dealii,1571,1059,193,247,72,24,dealii,""
flutter,flutter,2741,1695,336,289,421,24,Flutter,flutter.io
uber,deck.gl,798,267,132,346,53,24,uber,""
ReactiveCocoa,ReactiveCocoa+ReactiveSwift,2120,1014,175,805,126,24,ReactiveCocoa,""
CouchPotato,CouchPotatoServer,612,367,60,28,157,24,CouchPotato,""
Jumpscale,jumpscale_core8,960,165,53,652,90,24,Jumpscale,""
rathena,rathena,1209,590,81,348,190,24,rathena,""
easydigitaldownloads,easy-digital-downloads,1452,890,119,276,167,24,easydigitaldownloads,""
linuxmint,Cinnamon,2834,2241,141,174,278,24,linuxmint,""
secdev,scapy,620,427,79,58,56,24,secdev,""
NodeBB,NodeBB,1470,649,80,547,194,24,NodeBB,""
pi-hole,pi-hole,2873,2016,210,512,135,24,pi-hole,""
dropwizard,dropwizard,598,330,61,153,54,24,dropwizard,""
PolarisSS13,Polaris,1226,650,272,246,58,23,PolarisSS13,""
opentx,opentx,2319,1341,169,640,169,23,opentx,""
chocolatey,chocolatey-coreteampackages,2320,1259,134,868,59,23,chocolatey,""
nest,nest-simulator,621,472,51,42,56,23,nest,""
DestinyItemManager,DIM,1708,1048,173,326,161,23,DestinyItemManager,""
supercollider,supercollider,1444,1089,139,111,105,23,supercollider,""
DynamoDS,Dynamo,908,548,157,115,88,23,DynamoDS,""
goadesign,goa,725,331,140,194,60,23,goadesign,""
octobercms,october,968,678,66,97,127,23,octobercms,""
pydata,xarray,970,738,78,66,88,23,pydata,""
artsy,force,1352,687,276,258,131,23,artsy,""
openlayers,ol3,1731,1189,161,188,193,23,openlayers,""
apereo,cas,2202,833,102,1120,147,23,apereo,""
LSBUGPG,UnityLibrary,436,122,75,186,53,23,LSBUGPG,""
thaliproject,Thali_CordovaPlugin,2579,1116,196,965,302,23,thaliproject,""
oppia,oppia,1281,942,156,97,86,23,oppia,""
notepad-plus-plus,notepad-plus-plus,1289,840,116,86,247,23,notepad-plus-plus,""
getredash,redash,773,404,114,176,79,22,getredash,""
drush-ops,drush,904,502,73,240,89,22,drush-ops,""
shogun-toolbox,shogun,778,468,74,168,68,22,shogun-toolbox,""
VSCodeVim,Vim,1853,1169,130,277,277,22,VSCodeVim,""
NYTimes,kyt,614,219,83,259,53,22,NYTimes,""
google,ExoPlayer,1899,1390,58,118,333,22,Google ExoPlayer,github.com/google/ExoPlayer
grommet,grommet,909,407,70,294,138,22,grommet,""
beetbox,beets,1090,830,60,113,87,22,beetbox,""
OpenRA,OpenRA,1762,1303,113,127,219,22,OpenRA,""
scality,S3,2967,1095,182,1603,87,22,scality,""
vuejs-templates,webpack,576,397,56,34,89,22,vuejs-templates,""
leancloud,docs,674,297,143,174,60,22,leancloud,""
tiny-dnn,tiny-dnn,1104,781,97,161,65,22,tiny-dnn,""
algolia,instantsearch.js+algoliasearch-wordpress,1449,670,220,381,178,22,algolia,""
singularityware,singularity,1212,890,95,141,86,21,singularityware,""
servicecatalog,development,1208,339,71,680,118,21,servicecatalog,""
NIT-dgp,UIP,1437,821,143,312,161,21,NIT-dgp,""
camptocamp,c2cgeoportal+ngeo,2292,761,210,1178,143,21,camptocamp,""
redbadger,website-honestly,1423,231,174,909,109,21,redbadger,""
payara,Payara,1183,953,83,83,64,21,payara,""
scala-native,scala-native,816,394,100,257,65,21,scala-native,""
dash-project,dash,1488,595,122,655,116,21,dash-project,""
keybase,client,5006,2015,551,2238,202,21,Keybase,keybase.io
WebAssembly,design,1167,913,67,133,54,21,WebAssembly,""
Theano,Theano,1252,922,135,65,130,21,Theano,""
juju,docs,463,184,108,114,57,21,juju,""
amalgam8,amalgam8,703,248,97,307,51,21,amalgam8,""
FAForever,fa+client,1670,976,173,363,158,21,FAForever,""
bokeh,bokeh,1375,881,98,188,208,20,bokeh,""
Ultimaker,Cura,2246,1315,78,659,194,20,Ultimaker,""
ponylang,ponyc,1691,1122,121,354,94,20,ponylang,""
TeamPorcupine,ProjectPorcupine,1809,1395,180,152,82,20,TeamPorcupine,github.com/TeamPorcupine/ProjectPorcupine
Moya,Moya,1004,666,81,161,96,20,Moya,""
Polymer,polymer,920,577,57,129,157,20,Polymer,polymer-project.org
xonsh,xonsh,1449,1032,100,197,120,20,xonsh,""
Kinto,kinto,755,380,101,198,76,20,Kinto,""
freeorion,freeorion,1348,821,124,337,66,20,freeorion,""
STScI-JWST,jwst,644,208,188,187,61,20,STScI-JWST,""
espressomd,espresso,356,184,64,49,59,20,espressomd,""
klarna,ui,1088,255,115,655,63,20,klarna,""
chartjs,Chart.js,1843,1346,89,143,265,20,chartjs,""
PyCQA,pylint,569,363,63,77,66,20,PyCQA,""
LLK,scratch-www+scratch-vm,1419,847,164,220,188,20,LLK,""
rLoopTeam,eng-software-pod,717,138,140,282,157,20,rLoopTeam,""
openaddresses,openaddresses,1475,890,166,326,93,20,openaddresses,""
azavea,raster-foundry,1446,437,139,630,240,20,azavea,""
mitmproxy,mitmproxy,1158,541,189,294,134,20,mitmproxy,""
realm,SwiftLint,918,622,114,75,107,19,realm,""
PCSX2,pcsx2,2306,1956,62,220,68,19,PCSX2,""
idris-lang,Idris-dev,737,540,57,67,73,19,idris-lang,""
scalajp,2017.scalamatsuri.org,1032,226,211,385,210,19,scalajp,""
spinnaker,spinnaker,619,382,81,73,83,19,spinnaker,""
biolab,orange3,767,387,163,149,68,19,biolab,""
mitodl,micromasters,6460,2841,513,2571,535,19,MIT Office of Digital Learning,odl.mit.edu
ONSdigital,eq-survey-runner,2718,440,214,1936,128,19,ONSdigital,""
BuoyantIO,linkerd,712,253,88,284,87,19,BuoyantIO,""
python-pillow,Pillow,854,513,120,159,62,19,python-pillow,""
SatelliteQE,robottelo,1382,975,165,151,91,19,SatelliteQE,""
abixen,abixen-platform,729,153,132,244,200,19,abixen,""
cardigann,cardigann,1004,610,69,145,180,19,cardigann,""
OpenMS,OpenMS,815,565,82,116,52,19,OpenMS,""
ElektraInitiative,libelektra,2298,1700,100,331,167,19,ElektraInitiative,""
dinfcll,sachem,894,131,79,584,100,19,dinfcll,""
spring-cloud,spring-cloud-dataflow,465,242,53,72,98,19,spring-cloud,""
reactioncommerce,reaction,1287,576,107,489,115,19,reactioncommerce,""
fable-compiler,Fable,1134,655,70,304,105,19,fable-compiler,""
kontena,kontena,2323,954,342,816,211,19,kontena,""
pmmp,PocketMine-MP,1345,671,105,449,120,19,pmmp,""
claroline,Distribution,2540,711,271,1360,198,19,claroline,""
EC-CUBE,ec-cube,721,396,121,109,95,19,EC-CUBE,""
docker,containerd,486,301,111,44,30,19,containerd,containerd.io
nteract,nteract,1029,627,178,137,87,19,nteract,""
intellij-rust,intellij-rust,965,474,87,316,88,19,intellij-rust,""
WP-API,WP-API,1113,741,86,128,158,19,WP-API,""
x64dbg,x64dbg,1066,587,80,203,196,19,x64dbg,""
ckan,ckan,618,398,55,97,68,19,ckan,""
w3c,webrtc-pc,764,471,75,155,63,19,W3C WebRTC,w3c.github.io/webrtc-pc
dmwm,WMCore,1480,1064,149,164,103,19,dmwm,""
HippieStationCode,HippieStation13,2789,2440,116,74,159,19,HippieStationCode,github.com/HippieStationCode/HippieStation13
OP-TEE,optee_os,1216,969,92,77,78,19,OP-TEE,""
graknlabs,grakn,858,164,332,296,66,19,graknlabs,""
TYPO3-Solr,ext-solr,478,154,126,119,79,19,TYPO3-Solr,""
BSData,wh40k,2068,1006,81,373,608,19,BSData,""
npm,npm,5640,4448,68,274,850,18,npm,npmjs.com
WikiEducationFoundation,WikiEduDashboard,1032,144,63,751,74,18,WikiEducationFoundation,""
glpi-project,glpi,1337,694,134,253,256,18,glpi-project,""
open-learning-exchange,BeLL-Apps,750,168,71,454,57,18,open-learning-exchange,""
bigchaindb,bigchaindb,1795,832,200,600,163,18,bigchaindb,""
opencv,opencv,2178,1555,356,40,227,18,opencv,""
jitsi,jitsi-meet,818,262,196,306,54,18,jitsi,""
asteris-llc,converge,1172,230,126,709,107,18,asteris-llc,""
graphhopper,graphhopper,901,569,55,216,61,18,graphhopper,""
getquill,quill,427,216,52,102,57,18,getquill,""
elixir-ecto,ecto,639,435,91,51,62,18,elixir-ecto,""
wpninjas,ninja-forms,1005,339,126,292,248,18,wpninjas,""
FreeRDP,FreeRDP,931,703,74,73,81,18,FreeRDP,""
hydroshare,hydroshare,2220,1248,94,704,174,18,hydroshare,""
metacloud,molecule,697,372,109,159,57,18,metacloud,""
tesseract-ocr,tesseract,1240,854,84,187,115,18,tesseract-ocr,""
stormpath,stormpath-sdk-java,825,214,70,434,107,18,stormpath,""
gravitational,teleport,820,387,72,297,64,18,gravitational,""
sourcelair,xterm.js,594,372,67,85,70,18,sourcelair,""
opendatakit,collect,539,367,55,51,66,18,opendatakit,""
crystal-lang,crystal,1995,1539,214,34,208,18,crystal-lang,""
strongloop,loopback,1760,1343,76,170,171,18,strongloop,""
ramda,ramda,933,797,51,24,61,18,ramda,""
crate,crate,2835,487,437,1860,51,18,crate,""
rollup,rollup,1069,782,55,83,149,18,rollup,""
Necrobot-Private,NecroBot,825,420,87,233,85,18,Necrobot-Private,""
TypeStrong,ts-loader,914,654,67,127,66,18,TypeStrong,""
projecthydra,sufia,1423,724,141,471,87,18,projecthydra,""
ciscospark,spark-js-sdk,615,164,137,251,63,18,ciscospark,""
osbzr,gooderp_addons,693,131,228,227,107,18,osbzr,""
MvvmCross,MvvmCross,550,387,53,58,52,18,MvvmCross,""
gocd,gocd,1053,576,178,171,128,18,gocd,""
koreader,koreader,1351,991,93,160,107,17,koreader,""
cmu-db,peloton,592,329,90,101,72,17,cmu-db,""
ehcache,ehcache3,922,504,173,138,107,17,ehcache,""
twosigma,beaker-notebook,1117,393,118,507,99,17,twosigma,""
pyca,cryptography,760,519,97,88,56,17,pyca,""
appcelerator,amp,1769,437,202,975,155,17,appcelerator,""
AtomicGameEngine,AtomicGameEngine,952,487,129,220,116,17,AtomicGameEngine,""
geosolutions-it,MapStore2,701,164,199,197,141,17,geosolutions-it,""
pybind,pybind11,1244,978,79,112,75,17,pybind,""
cuberite,cuberite,844,613,58,103,70,17,cuberite,""
Metaswitch,sprout,531,141,52,282,56,17,Metaswitch,""
mpv-player,mpv,1898,1467,97,62,272,17,mpv-player,""
Microsoft,pxt,2580,897,297,1055,331,17,Microsoft MakeCode,makecode.com
MyCATApache,Mycat-Server,610,355,85,73,97,17,MyCATApache,""
mybb,mybb,644,467,62,60,55,17,mybb,""
APSIMInitiative,ApsimX,455,129,139,128,59,17,APSIMInitiative,""
zammad,zammad,1945,1180,54,386,325,17,zammad,""
airbnb,knowledge-repo,635,303,72,191,69,17,airbnb,""
certtools,intelmq,770,484,51,170,65,17,certtools,""
citusdata,citus,2388,1031,112,1108,137,17,citusdata,""
uclouvain,osis+osis-portal,1771,503,277,801,190,17,uclouvain,""
duplicati,duplicati,933,528,72,148,185,17,duplicati,""
ZeroK-RTS,Zero-K,1274,630,78,380,186,17,ZeroK-RTS,""
subutai-io,base,1256,174,251,723,108,17,subutai-io,""
Ulbra-Gravatai,sistemaTCC,771,134,108,414,115,17,Ulbra-Gravatai,""
ubuntudesign,developer.ubuntu.com+www.ubuntu.com,1289,397,357,385,150,16,ubuntudesign,""
ufal,neuralmonkey,796,320,55,344,77,16,ufal,""
vanilla,vanilla,1183,211,257,565,150,16,vanilla,""
Looking4Group,L4G_Core,1367,648,138,440,141,16,Looking4Group,""
fusionpbx,fusionpbx,1537,556,183,655,143,16,fusionpbx,""
openMF,community-app,339,105,64,52,118,16,openMF,""
inspirehep,inspire-next,755,430,141,97,87,16,inspirehep,""
Cloud-CV,EvalAI,1071,414,208,341,108,16,Cloud-CV,""
firebase,FirebaseUI-Android,939,706,79,82,72,16,firebase,""
Cal-CS-61A-Staff,ok,723,256,72,328,67,16,Cal-CS-61A-Staff,""
mailpile,Mailpile,569,410,52,35,72,16,mailpile,""
divio,django-cms,477,316,53,46,62,16,divio,""
salesagility,SuiteCRM,1725,1065,220,147,293,16,salesagility,""
azerothcore,azerothcore-wotlk,941,697,67,92,85,16,azerothcore,""
modxcms,evolution,2863,2068,178,400,217,16,modxcms,""
SemanticMediaWiki,SemanticMediaWiki,1228,584,199,382,63,16,SemanticMediaWiki,""
Cadasta,cadasta-platform,1388,593,117,521,157,16,Cadasta,""
atomist,rug,602,150,56,323,73,16,atomist,""
w3c,aria-practices,608,241,60,238,69,16,w3c,""
SimpleMachines,SMF2.1,821,571,82,76,92,16,SimpleMachines,""
Teradata,covalent,855,333,65,388,69,16,Teradata,""
I2PC,scipion,773,171,55,449,98,16,I2PC,""
Minecolonies,minecolonies,1975,1044,57,693,181,16,Minecolonies,""
foundersandcoders,oursite,424,173,74,123,54,16,foundersandcoders,""
Yoast,wordpress-seo,3047,2121,127,345,454,16,Yoast SEO,yoast.com/wordpress/seo
flynn,flynn,1739,1017,148,379,195,16,flynn,""
kriasoft,react-starter-kit,665,430,55,68,112,16,kriasoft,""
rdkit,rdkit,601,354,94,94,59,16,rdkit,""
sagemathinc,smc,2424,901,155,1049,319,16,sagemathinc,""
SubtitleEdit,subtitleedit,601,268,103,151,79,16,SubtitleEdit,""
udacityalumni,alumni-client,794,225,95,397,77,16,udacityalumni,""
instedd,ask,1224,220,53,621,330,16,instedd,""
MonoGame,MonoGame,1277,1038,79,56,104,16,MonoGame,""
fridayideas,daytomato,496,58,61,303,74,16,fridayideas,""
VOLTTRON,volttron,901,454,159,138,150,16,VOLTTRON,""
hungernotimpossible,hni,552,193,67,194,98,16,hungernotimpossible,""
apple,swift-protobuf,651,385,97,98,71,16,apple,""
thelounge,lounge,1282,863,106,221,92,15,thelounge,""
containernetworking,cni,292,189,54,19,30,15,CNI,github.com/containernetworking
otland,forgottenserver,653,489,66,46,52,15,otland,""
go-swagger,go-swagger,575,283,58,138,96,15,go-swagger,""
geotrellis,geotrellis,592,312,112,114,54,15,geotrellis,""
apinf,platform,1878,1159,116,400,203,15,apinf,""
GoldenCheetah,GoldenCheetah,572,289,58,121,104,15,GoldenCheetah,""
ipython,ipywidgets,964,617,133,156,58,15,ipython,""
nasa,openmct,937,527,63,247,100,15,nasa,""
sulu,sulu,669,353,97,149,70,15,sulu,""
neovim,neovim,1749,1305,161,84,199,15,neovim,""
INRIA,spoon,921,573,149,138,61,15,INRIA,""
square,okhttp,870,532,63,148,127,15,square,""
ciena-frost,ember-frost-core,594,242,91,183,78,15,ciena-frost,""
PurpleI2P,i2pd,689,319,53,258,59,15,PurpleI2P,""
godotengine,godot,3367,2574,269,72,452,15,Godot Engine,godotengine.org
fonttools,fonttools,759,484,52,156,67,15,fonttools,""
VOREStation,VOREStation,710,379,95,149,87,15,VOREStation,""
whatwg,html,1638,1258,101,131,148,15,whatwg,""
inverse-inc,packetfence,1626,636,107,770,113,15,inverse-inc,""
k8sp,sextant,827,399,90,232,106,15,k8sp,""
FTL13,FTL13,485,200,111,110,64,15,FTL13,""
attic-labs,noms,1180,619,228,220,113,15,attic-labs,""
ParadiseSS13,Paradise,1281,939,158,41,143,15,ParadiseSS13,nanotrasen.se/forum
javaparser,javaparser,958,639,89,112,118,15,javaparser,""
googleapis,toolkit,1173,617,234,220,102,15,Google API,developers.google.com/apis-explorer
MDAnalysis,mdanalysis,1125,743,74,247,61,15,MDAnalysis,""
bitpay,copay,1734,924,226,204,380,15,bitpay,""
OpenConceptLab,oclapi,454,154,72,170,58,15,OpenConceptLab,""
yarpc,yarpc-go,1616,396,231,903,86,15,yarpc,""
blue-yonder,tsfresh,719,414,67,165,73,15,blue-yonder,""
lyft,envoy,1004,342,142,464,56,15,lyft,""
kuzzleio,kuzzle,863,131,85,543,104,15,kuzzleio,""
pachyderm,pachyderm,1599,662,160,608,169,15,pachyderm,""
mirumee,saleor,531,247,88,136,60,15,mirumee,""
MachUpskillingFY17,JabbR-Core,796,280,68,321,127,14,MachUpskillingFY17,""
TryGhost,Ghost,1148,591,114,314,129,14,TryGhost,""
butterproject,butter-desktop,766,371,79,258,58,14,butterproject,""
google,blockly,487,205,74,144,64,14,Google,google.com
WebAudio,web-audio-api,550,347,52,88,63,14,WebAudio,""
meanjs,mean,812,590,60,63,99,14,meanjs,""
rancher,os,946,645,111,80,110,14,rancher,""
Instagram,IGListKit,1640,1179,191,114,156,14,Instagram,""
os-data,eu-structural-funds,1448,257,182,957,52,14,os-data,""
Carthage,Carthage,703,430,78,105,90,14,Carthage,""
Storj,core,504,296,55,67,86,14,Storj,""
aws,aws-sdk-go,725,471,97,92,65,14,aws,""
Graylog2,graylog2-server,1321,587,146,375,213,14,Graylog2,""
yunity,foodsaving-frontend,948,325,105,409,109,14,yunity,""
rangle,augury,494,288,58,73,75,14,rangle,""
telefonicaid,fiware-orion,1209,439,148,528,94,14,telefonicaid,""
screwdriver-cd,screwdriver,759,269,135,289,66,14,screwdriver-cd,""
helpyio,helpy,481,222,83,122,54,14,helpyio,""
sitespeedio,sitespeed.io,1251,685,56,387,123,14,sitespeedio,""
bazelbuild,rules_go,526,330,55,89,52,14,bazelbuild,""
informatics-isi-edu,chaise,1155,433,95,449,178,14,informatics-isi-edu,""
dedis,cothority,916,191,70,596,59,14,dedis,""
pouchdb,pouchdb,840,533,54,137,116,14,pouchdb,""
piwik,piwik,1627,894,136,378,219,14,piwik,""
googlei18n,libphonenumber,603,396,53,87,67,14,Google i18n,developers.google.com/international
firemodels,fds,824,428,171,174,51,14,firemodels,""
openscholar,openscholar,1797,876,108,689,124,14,openscholar,""
haraka,Haraka,514,311,73,73,57,14,haraka,""
styled-components,styled-components,1374,1041,104,73,156,14,styled-components,""
liqd,euth_wagtail,888,179,141,475,93,14,liqd,""
dojo,widgets,354,143,68,72,71,14,dojo,""
tangrams,tangram-es,1526,573,120,742,91,14,tangrams,""
OpenBazaar,openbazaar-go,556,284,53,112,107,13,OpenBazaar,""
AffiliateWP,AffiliateWP,1000,465,99,345,91,13,AffiliateWP,""
c2corg,v6_ui,3878,2561,252,698,367,13,c2corg,""
ppy,osu-framework,820,295,240,223,62,13,ppy,""
marmelab,admin-on-rest,611,301,71,159,80,13,marmelab,""
openlegend,core-rules,1691,1206,87,267,131,13,openlegend,""
CGAL,cgal,1213,831,179,124,79,13,CGAL,""
translate,pootle,1415,515,323,461,116,13,translate,""
CorfuDB,CorfuDB,1003,397,95,431,80,13,CorfuDB,""
avalonmediasystem,avalon,972,381,95,328,168,13,avalonmediasystem,""
cgeo,cgeo,1380,915,88,246,131,13,cgeo,""
Alfresco,alfresco-ng2-components,1843,387,260,921,275,13,Alfresco,""
hashcat,hashcat,1737,629,333,681,94,13,hashcat,""
silx-kit,silx,512,249,89,92,82,13,silx-kit,""
FriendsOfPHP,PHP-CS-Fixer,1195,809,160,161,65,13,FriendsOfPHP,""
LoopKit,Loop,648,419,82,78,69,13,LoopKit,""
savoirfairelinux,sous-chef,503,218,71,151,63,13,savoirfairelinux,""
resin-os,meta-resin,739,193,114,354,78,13,resin-os,""
cockpit-project,cockpit,1092,699,127,207,59,13,cockpit-project,""
mne-tools,mne-python,1419,1193,106,35,85,13,mne-tools,""
MoonchildProductions,Pale-Moon,1107,557,153,287,110,13,MoonchildProductions,""
Autodesk,genetic-constructor,911,96,63,578,174,13,Autodesk,""
WikiWatershed,model-my-watershed,835,495,66,189,85,13,WikiWatershed,""
TheOdinProject,theodinproject,479,149,100,165,65,13,The Odin Project,theodinproject.com
pkp,pkp-lib,1475,1014,99,183,179,13,pkp,""
reactor,reactor-core,557,231,54,196,76,13,reactor,""
DevExpress,testcafe,1070,625,189,137,119,13,DevExpress,""
4teamwork,opengever.core,1050,165,131,637,117,13,4teamwork,""
hail-is,hail,873,304,235,226,108,13,hail-is,""
dgraph-io,dgraph,1551,594,125,776,56,13,dgraph-io,""
Netflix,lemur,502,156,141,153,52,12,Netflix,""
pretix,pretix,594,299,58,182,55,12,pretix,""
vizabi,vizabi,1209,183,146,720,160,12,vizabi,""
sveltejs,svelte,983,549,74,199,161,12,sveltejs,""
cargomedia,cm,721,446,105,95,75,12,cargomedia,""
gap-system,gap,823,605,77,80,61,12,gap-system,""
sandstorm-io,sandstorm,950,566,112,182,90,12,sandstorm-io,""
pyfa-org,Pyfa,1099,817,59,108,115,12,pyfa-org,""
VietOpenCPS,opencps,544,292,86,89,77,12,VietOpenCPS,""
elmsln,elmsln,1823,872,70,577,304,12,elmsln,""
Mantella,Mantella,695,81,88,416,110,12,Mantella,""
africanmathsinitiative,Instat,2273,1265,425,410,173,12,africanmathsinitiative,""
appirio-tech,connect-app,1184,746,92,212,134,12,appirio-tech,""
OpenSlides,OpenSlides,1253,721,194,177,161,12,OpenSlides,""
virtualagc,virtualagc,1207,368,117,513,209,12,virtualagc,""
ControlSystemStudio,cs-studio,529,348,51,67,63,12,ControlSystemStudio,""
vatesfr,xo-web,986,450,83,315,138,12,vatesfr,""
NSwag,NSwag,1412,680,61,551,120,12,NSwag,""
OmniSharp,omnisharp-vscode,1739,1330,103,101,205,12,OmniSharp,""
diaspora,diaspora,720,490,74,105,51,12,diaspora,""
openfoodfoundation,openfoodnetwork,845,575,55,84,131,12,openfoodfoundation,""
qorelanguage,qore,634,113,149,295,77,12,qorelanguage,""
MN-Script-Team,DHS-MAXIS-Scripts,798,372,103,174,149,12,MN-Script-Team,""
OpenKore,openkore,748,512,77,102,57,12,OpenKore,""
git-lfs,git-lfs,1035,512,105,358,60,12,git-lfs,""
innovationprogrammeuki,Absences,863,182,172,396,113,12,innovationprogrammeuki,""
chamilo,chamilo-lms,1214,274,66,786,88,12,chamilo,""
opentoonz,opentoonz,759,562,51,64,82,12,opentoonz,""
k9mail,k-9,1284,888,80,140,176,12,k9mail,""
Digipalvelutehdas,APIKA,948,546,60,232,110,12,Digipalvelutehdas,""
NewSpring,Holtzman,1599,393,188,947,71,12,NewSpring,""
praekeltfoundation,gem-bbb-indo,1187,188,113,665,221,12,praekeltfoundation,""
Yakindu,statecharts,484,178,75,164,67,12,Yakindu,""
datacleaner,DataCleaner,531,198,56,219,58,12,datacleaner,""
archesproject,arches,1932,460,245,890,337,12,archesproject,""
ipfs,go-ipfs,1227,743,80,281,123,12,ipfs,""
zaproxy,zaproxy,832,540,89,112,91,12,zaproxy,""
unicef,etools,961,174,107,626,54,12,unicef,""
rook,rook,389,156,65,58,110,11,rook,""
tomitribe,tribestream-api-registry,513,264,93,90,66,11,tomitribe,""
parklab,refinery-platform,682,178,67,371,66,11,parklab,""
ekylibre,ekylibre,1186,174,51,649,312,11,ekylibre,""
ractivejs,ractive,1039,654,51,239,95,11,ractivejs,""
convox,rack,912,432,125,262,93,11,convox,""
vega,vega-lite,1272,506,102,531,133,11,vega,""
gluster,gluster-kubernetes,428,232,74,66,56,11,gluster,""
linode,manager,835,292,151,139,253,11,linode,""
sysrepo,sysrepo,1104,547,194,237,126,11,sysrepo,""
ldc-developers,ldc,1124,879,78,93,74,11,ldc-developers,""
operable,cog,1226,209,155,742,120,11,operable,""
stealjs,steal,506,259,55,131,61,11,stealjs,""
Microsoft,ChakraCore,2765,2081,476,51,157,11,Microsoft Chakra,github.com/Microsoft/ChakraCore
tsg-ut,mnemo,667,235,53,312,67,11,tsg-ut,""
mysociety,alaveteli,819,322,62,369,66,11,mysociety,""
BuildmLearn,BuildmLearn-Toolkit-Android,850,576,107,72,95,11,BuildmLearn,""
letsencrypt,boulder,1034,393,141,391,109,11,Let's Encrypt,letsencrypt.org
CoastalResilienceNetwork,GeositeFramework,672,354,61,169,88,11,CoastalResilienceNetwork,""
tbs-sct,gcconnex,1307,325,137,464,381,11,tbs-sct,""
appnexus,lucid,539,67,72,345,55,11,appnexus,""
katharsis-project,katharsis-framework,777,399,86,220,72,11,katharsis-project,""
F5Networks,f5-openstack-agent,434,184,92,86,72,11,F5Networks,""
bigdatagenomics,adam,823,613,69,65,76,11,bigdatagenomics,""
hypothesis,h,1536,553,230,666,87,11,hypothesis,""
iea-annex60,modelica-annex60,497,186,54,204,53,11,iea-annex60,""
CityOfBoston,boston.gov,533,262,83,78,110,11,CityOfBoston,""
ss-ita-kh-001,Event-Manager,976,65,192,652,67,11,ss-ita-kh-001,""
molgenis,molgenis,1084,382,277,249,176,11,molgenis,""
SalesforceFoundation,Cumulus,931,308,59,502,62,11,SalesforceFoundation,""
magfest,ubersystem,797,327,100,279,91,11,magfest,""
pymedusa,Medusa,2410,1127,270,772,241,11,pymedusa,""
formly-js,ng2-formly,698,296,159,155,88,11,formly-js,""
ocsigen,ocsigen-start,744,339,132,207,66,11,ocsigen,""
spotify,scio,647,262,58,275,52,11,spotify,""
Coursemology,coursemology2,649,297,128,149,75,11,Coursemology,""
apprenda,kismatic,643,292,66,189,96,11,apprenda,""
naver,pinpoint,889,422,164,173,130,11,naver,""
netty,netty,1377,1102,89,54,132,11,netty,""
opensim-org,opensim-core,1288,773,112,339,64,11,opensim-org,""
fgpv-vpgf,fgpv-vpgf,1366,958,116,104,188,11,fgpv-vpgf,""
wet-boew,wet-boew,1561,1354,65,45,97,11,wet-boew,""
nvaccess,nvda,1651,1167,55,208,221,11,nvaccess,""
