org,repo,activity,comments,prs,commits,issues,authors,project
kubernetes+kubernetes-incubator,kubernetes+kubernetes.github.io+test-infra+contrib+helm+minikube+dashboard+kops+charts+service-catalog,143608,112200,15218,6502,9688,1383,Kubernetes
dotnet,corefx+coreclr+cli+docfx+core-docs+wcf+sdk+corert+core-setup,126541,91409,12631,12724,9777,1109,dotnet
angular+AngularClass+angular-fullstack+angular-ui,angular+angular-cli+material2+material+angular.io+angular.js+protractor+angularfire2+angular2-webpack-starter+generator-angular-fullstack+ui-grid,120413,85313,8762,8587,17751,1274,Angular
Microsoft+dotnet,vscode+roslyn+visualfsharp+roslyn-project-system+vcpkg+vscode-go,116924,83964,5674,6770,20516,514,VS Code
Microsoft,CNTK+BotBuilder+vsts-tasks+ChakraCore+pxt+WinObjC+RTVS+UWPCommunityToolkit+msbuild+vsts-agent+PTVS+HoloToolkit-Unity+react-native-code-push,105681,58473,8197,27227,11784,1030,Microsoft
docker,docker+docker.github.io+compose+swarmkit+distribution+swarm+notary,83568,62734,7196,5223,8415,1029,Docker
elastic,elasticsearch+kibana+logstash+beats+elasticsearch-net,72621,46200,7828,10943,7650,516,elastic
facebook+facebookincubator+react-community,react-native+react+create-react-app+react-navigation,65734,52538,4940,1582,6674,455,React
mozilla,addons-server+testpilot+addons-frontend+pdf.js+activity-stream+fxa-content-server+tofino+thimble.mozilla.org+learning.mozilla.org+fxa-auth-server,62874,33671,5341,16813,7049,918,mozilla
Automattic,wp-calypso,58986,27491,5758,23134,2603,376,WP Calypso
tgstation,tgstation+-tg-station,58981,48448,5924,2076,2533,224,tgstation
ansible,ansible+ansible-modules-core+ansible-modules-extras,57373,38604,7286,6423,5060,1215,ansible
NixOS,nixpkgs,53112,31752,7572,11220,2568,1025,NixOS
Azure,azure-powershell+azure-cli+azure-webjobs-sdk-script+azure-quickstart-templates+azure-rest-api-specs+azure-iot-sdks+autorest+azure-sdk-for-net+azure-xplat-cli,49560,29258,7092,8513,4697,1381,Azure
tensorflow,tensorflow+models,49209,38753,3027,1873,5556,738,TensorFlow
eclipse,che+smarthome+jetty.project+kura+omr,43739,23564,4058,11818,4299,342,eclipse
ManageIQ,manageiq,41641,28803,6924,4978,936,254,ManageIQ
aspnet,EntityFramework+Docs+Mvc+KestrelHttpServer,41007,25611,3063,7971,4362,509,aspnet
Homebrew,homebrew-core+brew+homebrew-science+homebrew-php,39165,23612,8428,4684,2441,1099,Homebrew
driftyco,ionic+ionic-app-scripts+ionic-native+ionic-site,38837,23883,1467,7546,5941,601,driftyco
magento,magento2+devdocs,36367,27505,1140,2990,4732,453,magento
PokemonGoF,PokemonGo-Bot,34691,26706,2061,1982,3942,346,PokemonGoF
facebook,AsyncDisplayKit+jest+osquery+rocksdb+draft-js+reason,34433,21897,4098,4979,3459,500,facebook
joomla,joomla-cms,33544,25995,2045,3842,1662,265,joomla
JuliaLang,julia,32611,22671,2322,5406,2212,248,Julia
Microsoft,TypeScript,32479,21780,1618,4062,5019,94,TypeScript
hashicorp,terraform,32191,20692,3148,4622,3729,440,HashiCorp Terraform
realm,realm-java+realm-cocoa+realm-dotnet+realm-js,31673,20444,1583,6552,3094,157,Salt
nodejs,node,30592,24457,2445,1701,1989,375,nodejs
vmware,vic+harbor+docker-volume-vsphere,30322,18725,3101,4732,3764,156,vmware
department-of-veterans-affairs,vets-website+vets-api+caseflow,30195,9917,3206,15161,1911,184,department-of-veterans-affairs
ethereum,go-ethereum+mist+solidity,29567,12581,1690,2674,12622,160,ethereum
,Plailect/Guide,28451,2838,122,24621,870,25,Plailect/Guide
saltstack,salt,28083,21038,3609,251,3185,82,saltstack
google+googlei18n,protobuf+WebFundamentals+closure-compiler+material-design-lite+oss-fuzz+libphonenumber,27557,15426,2834,6245,3052,611,Google
,d3athrow/vgstation13,27376,23028,1613,486,2249,92,d3athrow/vgstation13
owncloud,core+client+android,26722,19726,1196,3258,2542,190,owncloud
grpc,grpc+grpc-java,26303,17716,3533,2816,2238,223,grpc
cockroachdb,cockroach+docs,26127,15935,2567,3613,4012,117,cockroachdb
,Ar1i/PokemonGo-Bot,25613,20448,513,919,3733,63,Ar1i/PokemonGo-Bot
DefinitelyTyped,DefinitelyTyped,24564,13603,5647,4195,1119,2001,DefinitelyTyped
caskroom,homebrew-cask,24460,6395,9814,7127,1124,1308,caskroom
CartoDB,cartodb,23750,10239,1842,8969,2700,88,CartoDB
keybase,client,23173,10318,2574,9093,1188,63,keybase
dmlc,mxnet+xgboost,22477,15706,1858,1627,3286,434,dmlc
fossasia,open-event-orga-server+gci16.fossasia.org+open-event-android+open-event-webapp,21941,12243,3657,3930,2111,367,fossasia
mapbox,mapbox-gl-native+mapbox-gl-js,21822,10963,1715,6593,2551,209,mapbox
mantidproject,mantid,21811,7258,1784,10967,1802,114,mantidproject
home-assistant,home-assistant,21786,15373,3057,1632,1724,229,home-assistant
servo,servo,21750,17535,2248,251,1716,54,servo
brave,browser-laptop,21430,13391,1259,2535,4245,83,brave
openshift,openshift-ansible+openshift-docs,21324,13798,3506,3353,667,341,openshift
ampproject,amphtml,21225,14184,2581,2288,2172,230,ampproject
,AHAAAAAAA/PokemonGo-Map,21203,16993,1061,677,2472,199,AHAAAAAAA/PokemonGo-Map
fastlane,fastlane,21002,15366,1538,1644,2454,254,fastlane
ParadiseSS13,Paradise,20805,17564,1760,549,932,59,ParadiseSS13
mattermost,platform+docs,20521,9701,3455,6436,929,223,mattermost
influxdata,influxdb+telegraf+kapacitor,20493,12691,1735,3436,2631,188,influxdata
nextcloud,server+android,20287,13211,945,4054,2077,117,nextcloud
ethcore,parity,20136,6161,2428,9812,1735,68,ethcore
Automattic,jetpack,19914,8700,2055,7896,1263,209,Automattic Jetpack
palantir,atlasdb+tslint+blueprint,19842,8853,2210,7284,1495,283,palantir
pingcap,tidb+tikv,19808,8224,2354,8626,604,146,pingcap
TrinityCore,TrinityCore,19785,13661,739,3692,1693,180,TrinityCore
rails,rails,19736,13404,2664,2178,1490,409,rails
wordpress-mobile,WordPress-iOS+WordPress-Android,19590,8115,1904,7861,1710,101,wordpress-mobile
odoo,odoo,19512,10074,3142,4788,1508,409,odoo
broadinstitute,cromwell+gatk+gatk-protected,19466,8945,1238,7544,1739,139,broadinstitute
FreeCodeCamp,FreeCodeCamp,19329,13847,1146,1006,3330,247,FreeCodeCamp
CleverRaven,Cataclysm-DDA,19135,14206,2182,1003,1744,143,CleverRaven
NECROBOTIO,NecroBot,19059,14755,630,565,3109,164,NECROBOTIO
godotengine,godot,18489,13853,1495,676,2465,68,godotengine
npm,npm,18405,13649,342,1007,3407,62,npm
mitodl,micromasters,18361,7938,1329,7578,1516,33,mitodl
,fchollet/keras,18283,13070,1114,1145,2954,313,fchollet/keras
RocketChat,Rocket.Chat,18206,10881,1281,3435,2609,220,RocketChat
ant-design,ant-design+ant-design-mobile,17666,10173,999,2507,3987,111,ant-design
w3c,web-platform-tests+csswg-drafts+html,17665,10290,2198,3544,1633,390,w3c
githubschool,open-enrollment-classes-introduction-to-github,17580,4713,2953,6704,3210,2015,githubschool
XX-net,XX-Net,17200,14317,117,181,2585,41,XX-net
webpack,webpack+webpack.js.org,16890,11797,1460,1835,1798,324,webpack
atom,atom,16695,11423,623,2539,2110,106,atom
electron,electron,16465,10509,1228,2215,2513,229,electron
Baystation12,Baystation12,16372,10555,2511,2130,1176,150,Baystation12
NativeScript,NativeScript+nativescript-cli,16258,9840,1329,3205,1884,156,NativeScript
18F,micropurchase+18f.gsa.gov+web-design-standards+openFEC,16103,6772,1858,6193,1280,216,18F
zeit,next.js+hyper+hyperterm,15906,11581,844,1507,1974,250,zeit
bitcoin,bitcoin,15860,13346,1626,318,570,83,bitcoin
coreos,etcd+rkt,15782,11731,1638,1012,1401,154,coreos
RobotLocomotion,drake,15759,13567,997,650,545,55,RobotLocomotion
airbnb,caravel+superset+react-native-maps+enzyme,15544,9875,1409,2139,2121,294,airbnb
eslint,eslint,15536,11613,1000,1538,1385,187,eslint
,syl20bnr/spacemacs,15405,11988,1105,449,1863,151,syl20bnr/spacemacs
RIOT-OS,RIOT,15366,12886,1236,926,318,110,RIOT-OS
libretro,RetroArch,15254,5704,1025,7554,971,125,libretro
PX4,Firmware,14925,9856,1522,2509,1038,109,PX4
Particular,docs.particular.net+NServiceBus,14529,6518,1160,6281,570,156,Particular
highfidelity,hifi,14517,9719,2435,2212,151,88,highfidelity
serverless,serverless,14484,9535,1112,2370,1467,228,serverless
voidlinux,void-packages,14320,4508,1549,7691,572,235,voidlinux
camptocamp,ngeo+c2cgeoportal,14226,4612,1334,7587,693,73,camptocamp
meteor,meteor,13938,11081,346,1091,1420,113,meteor
PokemonGoMap,PokemonGo-Map,13922,11648,777,476,1021,138,PokemonGoMap
HippieStationCode,HippieStation13,13910,12074,705,499,632,75,HippieStationCode
wireapp,wire-webapp+wire-ios+wire-android,13785,3078,2024,8087,596,77,wireapp
flutter,flutter,13736,8627,1611,1475,2023,73,flutter
yogstation13,yogstation,13622,10017,1365,1147,1093,78,yogstation13
frappe,erpnext+frappe,13488,5051,2340,3877,2220,204,frappe
ArduPilot,ardupilot,13454,9504,1484,1768,698,200,ArduPilot
deeplearning4j,deeplearning4j+nd4j,13424,5272,1273,5373,1506,171,deeplearning4j
metabase,metabase,13415,7737,958,3240,1480,64,metabase
weaveworks,scope+weave,13328,6715,931,4625,1057,96,weaveworks
TeamPorcupine,ProjectPorcupine,13171,10400,1210,952,609,114,TeamPorcupine
mapsme,omim,13130,7461,2634,2584,451,75,mapsme
Yoast,wordpress-seo,13049,8005,774,2371,1899,66,Yoast
,endless-sky/endless-sky,13015,10652,341,887,1135,61,endless-sky/endless-sky
scikit-learn,scikit-learn,12919,10794,1015,365,745,185,scikit-learn
grafana,grafana,12861,8296,682,1148,2735,128,grafana
prestodb,presto,12780,8344,1940,1589,907,164,prestodb
EFForg,https-everywhere,12778,6910,4166,1094,608,150,EFForg
yarnpkg,yarn,12771,9734,675,647,1715,218,yarnpkg
ARMmbed,mbed-os,12590,10026,1101,836,627,112,ARMmbed
ElemeFE,element,12542,7325,1297,1253,2667,138,ElemeFE
openssl,openssl,12511,8053,1325,2573,560,173,openssl
OpenRCT2,OpenRCT2,12496,8533,1116,1775,1072,112,OpenRCT2
betaflight,betaflight,12490,9318,1372,902,898,79,betaflight
zulip,zulip,12445,9023,2282,225,915,50,zulip
getsentry,sentry,12370,4341,1578,5793,658,89,getsentry
gradle,gradle,12298,3478,449,7673,698,151,gradle
yiisoft,yii2,12282,9121,1155,495,1511,108,yiisoft
idaholab,moose,12208,8087,1234,1907,980,94,idaholab
matplotlib,matplotlib,12163,9427,1074,721,941,147,matplotlib
minetest,minetest,12137,10230,646,473,788,116,minetest
mesosphere,marathon,12091,6113,716,4206,1056,118,mesosphere
osmandapp,Osmand,11957,5119,104,5550,1184,206,osmandapp
SickRage,SickRage,11853,8267,480,1306,1800,91,SickRage
akeneo,pim-community-dev,11756,2304,1619,7661,172,90,akeneo
Project-OSRM,osrm-backend,11637,5142,839,4768,888,63,Project-OSRM
claroline,Distribution,11628,3803,1130,5651,1044,62,claroline
primefaces,primeng+primefaces,11604,6217,468,2099,2820,160,primefaces
PowerShell,PowerShell+PowerShell-Docs,11547,7279,1379,1712,1177,268,PowerShell
iTXTech,Genisys,11516,8132,508,1596,1280,97,iTXTech
systemd,systemd,11493,8149,1330,820,1194,235,systemd
github,linguist+git-lfs+VisualStudio,11305,6880,988,2537,900,161,github
crate,crate,11256,1992,1707,7402,155,45,crate
JabRef,jabref,11137,6742,1007,2681,707,87,JabRef
callemall,material-ui,10995,8212,832,392,1559,79,callemall
cdnjs,cdnjs,10987,7795,1381,104,1707,26,cdnjs
chef,chef+inspec,10802,5151,1058,3775,818,231,chef
twbs,bootstrap,10759,7310,879,887,1683,160,twbs
strongloop,loopback+loopback-datasource-juggler,10737,7730,482,1571,954,108,strongloop
hazelcast,hazelcast,10644,6179,1547,2022,896,97,hazelcast
,erikras/redux-form,10426,7677,357,736,1656,166,erikras/redux-form
WhisperSystems,Signal-Android+Signal-iOS,10422,6943,662,1550,1267,77,WhisperSystems
OpenRA,OpenRA,10370,7742,831,839,958,74,OpenRA
coala,coala+coala-bears,10363,8427,864,568,504,71,coala
YetiForceCompany,YetiForceCRM,10354,3712,228,5054,1360,42,YetiForceCompany
xitu,gold-miner,10134,7135,511,1726,762,169,xitu
ParsePlatform,parse-server,10101,7493,445,627,1536,77,ParsePlatform
codenvy,codenvy,10074,3919,896,4178,1081,65,codenvy
openwhisk,openwhisk,10039,7125,1131,870,913,95,openwhisk
mautic,mautic,9986,6767,775,924,1520,82,mautic
HabitRPG,habitrpg+habitica,9910,6302,725,2105,778,110,HabitRPG
hyperledger,fabric,9899,6539,795,1810,755,194,hyperledger
uclouvain,osis+osis-portal,9875,2920,1500,4266,1189,70,uclouvain
,radare/radare2,9795,6548,1169,936,1142,93,radare/radare2
rapid7,metasploit-framework,9721,7160,927,1086,548,210,rapid7
bioconda,bioconda-recipes,9691,4185,2640,2613,253,238,bioconda
opentx,opentx,9649,5273,635,2983,758,49,opentx
LLNL,spack,9623,6849,1467,512,795,76,LLNL
qbittorrent,qBittorrent,9613,7770,273,286,1284,54,qbittorrent
steemit,steemit.com+steem,9608,4563,815,2764,1466,72,steemit
mamedev,mame,9604,2392,1288,5778,146,214,mamedev
TEAMMATES,teammates,9474,5509,927,2260,778,136,TEAMMATES
neo4j,neo4j,9446,3700,1978,3424,344,96,neo4j
rcbops,rpc-openstack,9397,6371,812,1847,367,60,rcbops
GoogleChrome,lighthouse,9387,5127,956,2398,906,89,Google Chrome
numpy,numpy,9351,7419,690,553,689,177,numpy
spring-projects,spring-boot,9333,6192,640,599,1902,53,spring-projects
vaadin,framework+vaadin-grid,9296,4997,811,2697,791,71,vaadin
openscholar,openscholar,9232,4774,586,3169,703,33,openscholar
open-mpi,ompi,9188,6488,1210,1162,328,79,open-mpi
xcat2,xcat-core,9035,5855,1128,1163,889,68,xcat2
crystal-lang,crystal,9033,7001,594,385,1053,98,crystal-lang
bazelbuild,bazel,9029,6665,153,785,1426,103,bazelbuild
alibaba,weex,9015,4520,1006,2145,1344,114,alibaba
neovim,neovim,8960,7118,792,214,836,35,neovim
greenplum-db,gpdb,8905,5514,1375,1791,225,173,greenplum-db
,Lunat1q/Catchem-PoGo,8814,6053,176,461,2124,45,Lunat1q/Catchem-PoGo
koding,koding,8807,2223,1244,4703,637,38,koding
CocoaPods,CocoaPods,8749,7006,193,240,1310,40,CocoaPods
pixijs,pixi.js,8689,6158,649,1032,850,98,pixijs
sequelize,sequelize,8687,6339,468,686,1194,155,sequelize
modxcms,evolution+revolution,8673,6512,582,922,657,104,modxcms
acemod,ACE3,8658,5067,846,2158,587,91,acemod
Sylius,Sylius,8654,5086,2151,501,916,75,Sylius
piwik,piwik,8646,4710,660,2313,963,70,piwik
galaxyproject,galaxy,8636,5729,1144,1123,640,92,galaxyproject
certbot,certbot,8636,5730,660,1300,946,119,certbot
hydroshare,hydroshare,8624,4938,367,2794,525,40,hydroshare
Ultimaker,Cura,8609,4844,291,2801,673,65,Ultimaker
cakephp,cakephp,8579,6147,786,771,875,99,cakephp
zurb,foundation-sites,8520,6264,676,783,797,182,zurb
jhipster,generator-jhipster,8493,6133,1164,226,970,78,jhipster
druid-io,druid,8450,5994,1133,831,492,98,druid-io
telegramdesktop,tdesktop,8420,6394,115,634,1277,35,telegramdesktop
devtools-html,debugger.html,8408,5247,1071,1224,866,122,devtools-html
librenms,librenms,8360,5398,1305,516,1141,70,librenms
chapel-lang,chapel,8345,4107,2084,1917,237,68,chapel-lang
ocaml,opam-repository,8334,3232,2622,2372,108,346,ocaml
,mitchellh/packer,8315,5995,628,934,758,208,mitchellh/packer
trilinos,Trilinos,8306,5209,154,2112,831,132,trilinos
astropy,astropy,8267,6824,585,449,409,84,astropy
citusdata,citus,8231,3849,392,3478,512,49,citusdata
haskell,cabal,8162,6123,627,853,559,80,haskell
scipy,scipy,8140,6359,644,545,592,187,scipy
openwrt,packages,8126,5078,1331,1382,335,268,openwrt
,mishoo/UglifyJS2,8115,7037,385,321,372,35,mishoo/UglifyJS2
SeleniumHQ,selenium,8112,5135,312,1128,1537,122,SeleniumHQ
,jabbink/PokemonGoBot,8104,6295,349,448,1012,59,jabbink/PokemonGoBot
hashicorp,nomad,8089,3848,851,2705,685,136,HashiCorp Nomad
ponylang,ponyc,8074,4810,684,2143,437,88,ponylang
pymedusa,SickRage,8070,2733,652,4311,374,25,pymedusa
sakaiproject,sakai,8065,3556,1917,2364,228,135,sakaiproject
dotnet,orleans,8062,5891,833,848,490,121,Microsoft Orleans
sympy,sympy,8044,6350,744,315,635,125,sympy
KhronosGroup,Vulkan-LoaderAndValidationLayers,8043,3552,895,3057,539,123,KhronosGroup
auth0,docs,7990,2440,2241,2854,455,235,auth0
capitalone,Hygieia+cloud-custodian,7975,5005,815,1114,1041,119,capitalone
bokeh,bokeh,7925,4838,590,1411,1086,65,bokeh
pi-hole,pi-hole,7890,5739,487,1165,499,60,pi-hole
OrchardCMS,Orchard+Orchard2,7875,4666,557,1730,922,108,OrchardCMS
simulationcraft,simc,7874,2224,176,4670,804,93,simulationcraft
geoadmin,mf-geoadmin3+mf-chsdi3,7868,4357,669,2469,373,64,geoadmin
akka,akka,7830,5756,851,389,834,86,akka
conda,conda,7807,5524,372,275,1636,23,conda
dotCMS,core,7776,2843,933,2472,1528,66,dotCMS
cloudfoundry,bosh+cf-release,7745,2449,282,4571,443,296,cloudfoundry
sagemathinc,smc,7698,2982,379,3335,1002,36,sagemathinc
JMRI,JMRI,7692,3866,1588,1576,662,66,JMRI
pfnet,chainer,7576,3680,1023,2484,389,122,pfnet
flynn,flynn,7520,4712,567,1411,830,34,flynn
PCSX2,pcsx2,7510,6715,216,262,317,38,PCSX2
Polymer,polymer+polymer-cli,7495,4400,515,1559,1021,85,Polymer
convox,rack,7493,3356,878,2494,765,41,convox
fish-shell,fish-shell,7467,5763,245,740,719,73,fish-shell
oppia,oppia,7463,5777,724,447,515,82,oppia
,mitchellh/vagrant,7458,5642,352,575,889,131,mitchellh/vagrant
BVLC,caffe,7404,5474,448,337,1145,116,BVLC
zooniverse,Panoptes-Front-End,7388,4218,769,1808,593,63,zooniverse
pantheon-systems,terminus+documentation,7387,2397,982,3506,502,142,pantheon-systems
mlr-org,mlr,7366,4177,434,2197,558,80,mlr-org
salesagility,SuiteCRM,7354,4223,1097,893,1141,67,salesagility
,NecronomiconCoding/NecroBot,7334,5161,699,573,901,146,NecronomiconCoding/NecroBot
hypothesis,h,7317,2773,1043,3225,276,34,hypothesis
,arvidn/libtorrent,7306,3819,1054,2133,300,38,arvidn/libtorrent
pachyderm,pachyderm,7256,2882,580,3042,752,43,pachyderm
ONSdigital,eq-survey-runner,7228,1413,683,4839,293,43,ONSdigital
Cadasta,cadasta-platform,7227,3133,572,2816,706,48,Cadasta
AnalyticalGraphicsInc,cesium,7217,3907,657,2131,522,84,AnalyticalGraphicsInc
linuxmint,Cinnamon,7185,5594,305,382,904,56,linuxmint
scality,S3,7168,2687,464,3835,182,37,scality
Mashape,kong,7167,4345,503,1598,721,48,Mashape
RPCS3,rpcs3,7133,5660,470,466,537,54,RPCS3
esp8266,Arduino,7127,5554,241,277,1055,79,esp8266
bolt,bolt,7119,4156,878,1520,565,92,bolt
cocos2d,cocos2d-x,7072,5180,945,159,788,43,cocos2d
nwjs,nw.js,7064,5343,154,500,1067,36,nwjs
Necrobot-Private,NecroBot,7062,3969,480,1653,960,48,Necrobot-Private
emberjs,ember.js,7054,4720,853,801,680,125,emberjs
sphinx-doc,sphinx,7023,4647,492,1155,729,105,sphinx-doc
thaliproject,Thali_CordovaPlugin,6971,3087,456,2659,769,41,thaliproject
PolarisSS13,Polaris,6949,3619,1546,1379,405,91,PolarisSS13
netty,netty,6918,5454,496,346,622,33,netty
,danielgindi/Charts,6858,5067,189,320,1282,39,danielgindi/Charts
Graylog2,graylog2-server,6839,3527,650,1613,1049,34,Graylog2
pymc-devs,pymc3,6835,4931,515,962,427,85,pymc-devs
,Beep6581/RawTherapee,6818,5265,116,968,469,22,Beep6581/RawTherapee
ngageoint,hootenanny,6782,3388,406,2403,585,38,ngageoint
OpenKore,openkore,6764,6000,216,304,244,25,OpenKore
ChurchCRM,CRM,6758,2441,764,2587,966,24,ChurchCRM
nvaccess,nvda,6729,4605,246,905,973,40,nvaccess
mpv-player,mpv,6725,5248,345,180,952,27,mpv-player
google,ExoPlayer,6712,5049,159,405,1099,64,Google ExoPlayer
freeCodeCamp,freeCodeCamp,6703,4797,367,258,1281,90,freeCodeCamp
raspberrypi,linux,6665,5458,223,639,345,198,raspberrypi
,Dogfalo/materialize,6654,4850,289,303,1212,63,Dogfalo/materialize
supercollider,supercollider,6647,5296,530,438,383,69,supercollider
xonsh,xonsh,6627,4882,457,771,517,50,xonsh
telerik,kendo-ui-core,6626,1459,176,3651,1340,158,telerik
plotly,plotly.js,6623,3794,545,1652,632,55,plotly
duckduckgo,zeroclickinfo-goodies,6618,4544,834,822,418,229,duckduckgo
fgpv-vpgf,fgpv-vpgf,6611,4631,579,561,840,28,fgpv-vpgf
ucb-bar,rocket-chip+chisel3,6584,3071,668,2495,350,101,ucb-bar
,aksonov/react-native-router-flux,6576,4893,311,347,1025,127,aksonov/react-native-router-flux
reactioncommerce,reaction,6519,2627,551,2738,603,60,reactioncommerce
k9mail,k-9,6512,4488,416,775,833,50,k9mail
kontena,kontena,6511,2633,875,2399,604,44,kontena
inverse-inc,packetfence,6497,2142,362,3435,558,40,inverse-inc
sharetribe,sharetribe,6492,887,975,4522,108,49,sharetribe
DestinyItemManager,DIM,6491,4002,548,1312,629,41,DestinyItemManager
Dolibarr,dolibarr,6469,1869,1112,2891,597,123,Dolibarr
glpi-project,glpi,6460,3532,527,1441,960,53,glpi-project
concrete5,concrete5,6458,3259,890,1564,745,92,concrete5
,ornicar/lila,6455,1478,344,3857,776,57,ornicar/lila
Tribler,tribler,6442,5279,375,318,470,34,Tribler
rubberduck-vba,Rubberduck,6408,3985,719,715,989,29,rubberduck-vba
valor-software,ng2-bootstrap,6399,4400,354,747,898,115,valor-software
iNavFlight,inav,6374,5022,484,423,445,22,iNavFlight
opensim-org,opensim-core,6367,3713,451,1911,292,37,opensim-org
jruby,jruby,6354,2888,228,2783,455,74,jruby
freeorion,freeorion,6352,4188,495,1272,397,43,freeorion
dgraph-io,dgraph,6348,2660,469,2955,264,37,dgraph-io
,gonetz/GLideN64,6340,5339,217,471,313,24,gonetz/GLideN64
halide,Halide,6335,2099,705,3344,187,59,halide
nim-lang,Nim,6305,3385,735,1253,932,166,nim-lang
,spf13/hugo,6290,3952,513,1077,748,210,spf13/hugo
,airyland/vux,6290,4229,206,894,961,57,airyland/vux
e107inc,e107,6273,3945,401,1202,725,34,e107inc
wallabag,wallabag,6264,3871,516,1151,726,79,wallabag
bitpay,copay,6238,3693,786,713,1046,32,bitpay
kaldi-asr,kaldi,6215,4644,629,661,281,130,kaldi-asr
TryGhost,Ghost,6202,3343,670,1581,608,58,TryGhost
africanmathsinitiative,Instat,6188,3080,1422,1352,334,36,africanmathsinitiative
keystonejs,keystone,6174,3461,355,1829,529,99,keystonejs
arduino,Arduino,6169,4541,181,257,1190,48,arduino
citra-emu,citra,6157,4650,538,457,512,73,citra-emu
MinecraftForge,MinecraftForge,6143,4670,470,494,509,103,MinecraftForge
dmwm,WMCore,6137,4467,641,672,357,39,dmwm
whatwg,html,6131,4851,337,357,586,33,whatwg
,hrydgard/ppsspp,6113,4369,384,870,490,36,hrydgard/ppsspp
Elgg,Elgg,6113,4261,766,549,537,25,Elgg
devopsdays,devopsdays-web,6112,1788,1928,2196,200,224,devopsdays
odota,ui,6087,1230,337,4244,276,38,odota
,hydrabolt/discord.js,6066,2262,599,2685,520,91,hydrabolt/discord.js
VSCodeVim,Vim,6057,3620,436,1156,845,72,VSCodeVim
opentoonz,opentoonz,6057,4596,460,425,576,56,opentoonz
openlayers,ol3,6014,4253,502,704,555,71,openlayers
inasafe,inasafe,6014,3883,798,734,599,24,inasafe
Semantic-Org,Semantic-UI,6014,4327,144,316,1227,37,Semantic-Org
elixir-lang,elixir,5990,3862,1015,702,411,128,elixir-lang
c2corg,v6_ui,5969,3550,409,1479,531,22,c2corg
ipfs,go-ipfs,5967,4002,420,1051,494,40,ipfs
adobe,brackets,5932,4486,235,500,711,80,adobe
UniversalMediaServer,UniversalMediaServer,5919,3856,224,1676,163,21,UniversalMediaServer
translate,pootle,5902,2759,1107,1532,504,34,translate
NodeBB,NodeBB,5901,2701,311,2054,835,68,NodeBB
archesproject,arches,5880,1221,789,3096,774,22,archesproject
Minecolonies,minecolonies,5871,3252,221,1855,543,27,Minecolonies
cgeo,cgeo,5861,3907,314,1055,585,28,cgeo
Flexget,Flexget,5855,2910,301,2125,519,97,Flexget
,mxstbr/react-boilerplate,5803,4471,476,130,726,35,mxstbr/react-boilerplate
DevExpress,testcafe,5782,4186,651,508,437,27,DevExpress
prometheus,prometheus,5779,4099,434,697,549,101,prometheus
aspnetboilerplate,aspnetboilerplate,5776,3633,110,1067,966,41,aspnetboilerplate
triplea-game,triplea,5765,3959,666,740,400,22,triplea-game
metasfresh,metasfresh,5730,699,511,3778,742,32,metasfresh
containous,traefik,5724,4029,420,609,666,95,containous
TauCetiStation,TauCetiClassic,5720,4086,644,516,474,51,TauCetiStation
playframework,playframework,5714,3575,836,867,436,163,playframework
LMMS,lmms,5703,4631,324,322,426,41,LMMS
python,mypy,5689,3888,617,351,833,56,python
IQSS,dataverse,5666,3352,155,1565,594,39,IQSS
openthread,openthread,5662,2793,1280,1284,305,57,openthread
vanilla,vanilla,5651,1291,945,2611,804,50,vanilla
openSUSE,open-build-service,5640,3071,944,1303,322,65,openSUSE
,Zarel/Pokemon-Showdown,5628,2833,806,1831,158,106,Zarel/Pokemon-Showdown
koreader,koreader,5627,4293,339,543,452,40,koreader
bigchaindb,bigchaindb,5620,2438,648,1954,580,45,bigchaindb
tangrams,tangram-es,5616,2204,414,2648,350,24,tangrams
cockpit-project,cockpit,5609,3722,679,899,309,46,cockpit-project
,kangax/fabric.js,5607,3832,311,799,665,28,kangax/fabric.js
pypa,pip,5606,4489,438,190,489,85,pypa
almende,vis,5603,3931,379,406,887,81,almende
AutoMapper,AutoMapper,5601,4421,266,328,586,28,AutoMapper
syncthing,syncthing,5579,3292,181,1519,587,74,syncthing
chartjs,Chart.js,5579,3827,291,109,1352,29,chartjs
SatelliteQE,robottelo,5577,3651,773,761,392,41,SatelliteQE
,racaljk/hosts,5575,4359,301,493,422,78,racaljk/hosts
dealii,dealii,5569,3772,825,750,222,58,dealii
ESMCI,cime,5546,3233,614,1104,595,50,ESMCI
,wasdennnoch/AndroidN-ify,5536,3178,634,979,745,71,wasdennnoch/AndroidN-ify
ReactiveX,rxjs,5536,4205,443,393,495,101,ReactiveX
Theano,Theano,5517,4069,579,245,624,72,Theano
opnsense,core,5504,2299,106,2541,558,38,opnsense
HTBox,allReady,5502,3616,618,578,690,129,HTBox
apache,trafficserver,5493,3157,965,1235,136,126,apache
,alexrj/Slic3r,5491,4377,135,543,436,22,alexrj/Slic3r
projecthydra,sufia,5482,2513,714,1673,582,48,projecthydra
DynamoDS,Dynamo,5474,3209,1002,839,424,75,DynamoDS
junit-team,junit5,5463,3063,181,1836,383,61,junit-team
wix,react-native-navigation,5452,2965,233,1496,758,49,wix
HaxeFoundation,haxe,5437,3096,202,1216,923,41,HaxeFoundation
,jgm/pandoc,5428,3791,141,899,597,49,jgm/pandoc
payara,Payara,5427,4091,528,549,259,74,payara
,rpherbig/dr-scripts,5403,2250,392,1963,798,41,rpherbig/dr-scripts
vatesfr,xo-web,5389,1606,452,2675,656,24,vatesfr
curl,curl,5378,3778,284,950,366,138,curl
4teamwork,opengever.core,5377,1269,609,2959,540,29,4teamwork
elmsln,elmsln,5370,2593,278,1605,894,25,elmsln
ArchStrike,ArchStrike,5353,183,239,4826,105,24,ArchStrike
DataDog,dd-agent,5351,2137,742,2280,192,177,DataDog
sandstorm-io,sandstorm,5339,3206,659,985,489,45,sandstorm-io
zestedesavoir,zds-site,5334,4114,438,414,368,57,zestedesavoir
commercialhaskell,stack,5332,3808,246,520,758,64,commercialhaskell
,johndyer/mediaelement,5309,3878,155,973,303,59,johndyer/mediaelement
LMFDB,lmfdb,5300,3230,735,1038,297,46,LMFDB
perl6,doc,5294,1996,306,2404,588,122,perl6
,gravitystorm/openstreetmap-carto,5286,4556,240,200,290,26,gravitystorm/openstreetmap-carto
habitat-sh,habitat,5283,2716,790,1427,350,58,habitat-sh
mesonbuild,meson,5278,3224,612,982,460,69,mesonbuild
Leaflet,Leaflet,5265,3370,488,801,606,147,Leaflet
urho3d,Urho3D,5244,3127,196,1514,407,77,urho3d
apollostack,apollo-client,5242,3371,339,1046,486,65,apollostack
OP-TEE,optee_os,5238,4172,372,311,383,52,OP-TEE
twitter,heron,5227,3426,626,781,394,77,twitter
Jackett,Jackett,5219,3651,278,591,699,50,Jackett
Codeception,Codeception,5198,3389,533,653,623,147,Codeception
smartdevicelink,sdl_core,5189,3549,740,647,253,80,smartdevicelink
,Grover-c13/PokeGOAPI-Java,5182,3770,431,486,495,64,Grover-c13/PokeGOAPI-Java
NSwag,NSwag,5147,2373,239,2105,430,28,NSwag
woocommerce,woocommerce,5146,2631,589,864,1062,59,woocommerce
streamlink,streamlink,5143,4065,349,336,393,50,streamlink
codecombat,codecombat,5139,1155,525,3213,246,143,codecombat
BSData,wh40k,5138,2524,191,1003,1420,44,BSData
babel,babel,5133,3659,640,357,477,93,babel
eggjs,egg,5129,3247,267,1246,369,49,eggjs
,malonnnn/ServerConfig,5128,642,2083,2240,163,45,malonnnn/ServerConfig
LigaData,Kamanja,5119,1501,249,3068,301,49,LigaData
pimcore,pimcore,5119,1608,266,2627,618,102,pimcore
fusionpbx,fusionpbx,5114,1650,531,2515,418,53,fusionpbx
almighty,almighty-core,5110,3177,497,819,617,27,almighty
BD2KGenomics,toil,5106,2924,350,1282,550,43,BD2KGenomics
MISP,MISP,5106,2806,349,1220,731,66,MISP
borgbackup,borg,5084,3844,389,311,540,28,borgbackup
,CymChad/BaseRecyclerViewAdapterHelper,5080,3692,136,403,849,29,CymChad/BaseRecyclerViewAdapterHelper
,lhorie/mithril.js,5068,3507,408,788,365,108,lhorie/mithril.js
spring-cloud,spring-cloud-netflix,5052,3087,188,1115,662,34,spring-cloud
TerriaJS,terriajs,5040,1727,447,2407,459,39,TerriaJS
OfficeDev,office-ui-fabric-react,5024,2372,872,1214,566,115,OfficeDev
kivy,kivy,5018,3343,432,688,555,101,kivy
cleanflight,cleanflight,5014,3747,290,557,420,80,cleanflight
enonic,xp,5007,335,1451,2960,261,33,enonic
bloomberg,bucklescript,5005,2125,752,1585,543,51,bloomberg
letsencrypt,boulder,4999,2229,603,1781,386,32,letsencrypt
magefree,mage,4992,1910,671,1776,635,103,magefree
concourse,concourse,4969,2144,104,2164,557,107,concourse
,jackhumbert/qmk_firmware,4954,3264,543,866,281,201,jackhumbert/qmk_firmware
chamilo,chamilo-lms,4951,743,469,3492,247,28,chamilo
cBioPortal,cbioportal,4934,2723,760,903,548,75,cBioPortal
intellij-rust,intellij-rust,4932,2436,328,1687,481,54,intellij-rust
conan-io,conan,4931,3474,396,493,568,50,conan-io
,Kwoth/NadekoBot,4928,2169,437,1742,580,50,Kwoth/NadekoBot
MDAnalysis,mdanalysis,4927,3480,260,966,221,38,MDAnalysis
domoticz,domoticz,4908,2974,553,1079,302,139,domoticz
ReactTraining,react-router,4906,3527,278,319,782,28,ReactTraining
youtube,vitess,4898,2611,965,1159,163,71,youtube
ScreepsOCS,screeps.behaviour-action-pattern,4895,2283,533,1757,322,26,ScreepsOCS
PowerDNS,pdns,4895,2319,976,966,634,86,PowerDNS
rackerlabs,rackspace-how-to,4878,1932,896,1642,408,95,rackerlabs
silverstripe,silverstripe-framework,4864,3343,569,324,628,68,silverstripe
KeepSafe,aiohttp,4851,2704,341,1382,424,126,KeepSafe
mockito,mockito,4844,3168,328,1018,330,63,mockito
mitmproxy,mitmproxy,4835,2383,693,1265,494,94,mitmproxy
pybind,pybind11,4834,3650,298,565,321,51,pybind
,tomchristie/django-rest-framework,4833,3112,608,671,442,171,tomchristie/django-rest-framework
Alfresco,alfresco-ng2-components,4828,1046,644,2268,870,21,Alfresco
lampepfl,dotty,4826,3370,541,453,462,54,lampepfl
AffiliateWP,AffiliateWP,4810,2119,406,1768,517,36,AffiliateWP
easydigitaldownloads,easy-digital-downloads,4786,2873,440,918,555,56,easydigitaldownloads
MovingBlocks,Terasology,4771,3820,351,335,265,93,MovingBlocks
telefonicaid,fiware-orion,4770,1984,587,1848,351,32,telefonicaid
,nodemcu/nodemcu-firmware,4763,3667,272,385,439,54,nodemcu/nodemcu-firmware
matrix-org,synapse,4759,1781,676,2077,225,66,matrix-org
VOREStation,VOREStation,4750,2180,778,1226,566,40,VOREStation
thelounge,lounge,4720,3175,381,807,357,35,thelounge
linode,manager,4711,2459,594,716,942,22,linode
ShareX,ShareX,4711,2763,132,1016,800,50,ShareX
bridgedotnet,Bridge,4708,1645,518,1650,895,32,bridgedotnet
NREL,EnergyPlus,4703,2544,275,1649,235,56,NREL
ekylibre,ekylibre,4702,1072,116,2334,1180,24,ekylibre
NVIDIA,DIGITS,4702,3458,367,331,546,38,NVIDIA
rathena,rathena,4690,2584,242,1173,691,58,rathena
woothemes,woocommerce,4686,2178,408,1198,902,87,woothemes
notepad-plus-plus,notepad-plus-plus,4685,2918,362,330,1075,77,notepad-plus-plus
openhab,openhab,4668,3744,320,235,369,96,openhab
hashicorp,consul,4666,2514,476,1189,487,147,HashiCorp Consul
the-control-group,voyager,4666,2993,523,600,550,83,the-control-group
MediaBrowser,Emby,4664,763,818,2936,147,34,MediaBrowser
mobxjs,mobx,4661,3387,245,509,520,153,mobxjs
twosigma,beaker-notebook,4657,1524,615,1921,597,38,twosigma
,monero-project/monero,4648,3189,633,539,287,66,monero-project/monero
neomutt,neomutt,4639,2677,156,1456,350,70,neomutt
loomio,loomio,4634,1714,510,2076,334,26,loomio
CGAL,cgal,4628,2952,674,612,390,35,CGAL
KC3Kai,KC3Kai,4622,2414,296,1476,436,28,KC3Kai
pytest-dev,pytest,4613,3471,376,339,427,121,pytest-dev
DoSomething,phoenix,4605,2375,555,1210,465,29,DoSomething
subutai-io,base,4604,677,897,2642,388,52,subutai-io
SpongePowered,SpongeCommon,4597,1682,217,2209,489,66,SpongePowered
fpco,stackage,4592,2121,780,1416,275,275,fpco
vega,vega-lite,4584,1923,364,1838,459,44,vega
,netblue30/firejail,4583,2858,260,903,562,73,netblue30/firejail
,gnunn1/terminix,4581,3012,124,918,527,78,gnunn1/terminix
beetbox,beets,4576,3329,241,660,346,84,beetbox
Aurorastation,Aurora.3,4571,1928,857,866,920,38,Aurorastation
servicecatalog,development,4555,1296,232,2572,455,48,servicecatalog
obspy,obspy,4554,2963,271,1104,216,47,obspy
odlgroup,odl,4548,2261,288,1639,360,21,odlgroup
googleapis,toolkit,4539,2616,824,748,351,37,Google API
dailymotion,hls.js,4537,2868,199,997,473,68,dailymotion
react-toolbox,react-toolbox,4536,3008,337,548,643,151,react-toolbox
KSP-CKAN,NetKAN,4530,2028,1397,887,218,144,KSP-CKAN
opencart,opencart,4524,2507,490,850,677,106,opencart
hoburg,gpkit,4504,3176,183,832,313,23,hoburg
openaddresses,openaddresses,4495,2132,753,1365,245,44,openaddresses
,mholt/caddy,4491,3351,309,310,521,41,mholt/caddy
,mgp25/Instagram-API,4491,2806,216,657,812,69,mgp25/Instagram-API
hashicorp,vault,4482,2282,483,1141,576,86,HashiCorp Vault
infinitered,ignite,4480,2512,432,1042,494,79,infinitered
oss-gate,workshop,4471,3789,197,328,157,152,oss-gate
yarpc,yarpc-go,4467,1314,578,2338,237,32,yarpc
centreon,centreon,4462,1556,148,2033,725,54,centreon
digitalocean,netbox,4451,2595,185,812,859,41,digitalocean
nasa,openmct,4449,2416,328,1296,409,37,nasa
inspirehep,inspire-next,4442,2614,797,659,372,46,inspirehep
gocd,gocd,4437,2398,796,759,484,54,gocd
ldc-developers,ldc,4426,3323,369,477,257,29,ldc-developers
cuberite,cuberite,4425,3220,290,621,294,55,cuberite
,vsouza/awesome-ios,4424,2214,701,1336,173,307,vsouza/awesome-ios
hyperspy,hyperspy,4416,3391,386,372,267,37,hyperspy
,AllenFang/react-bootstrap-table,4412,3342,107,218,745,47,AllenFang/react-bootstrap-table
SalesforceFoundation,Cumulus,4400,1440,248,2435,277,28,SalesforceFoundation
Nukkit,Nukkit,4397,2926,548,501,422,71,Nukkit
learningequality,kolibri,4388,2296,946,957,189,34,learningequality
ember-cli,ember-cli,4382,2920,362,734,366,100,ember-cli
ReactiveCocoa,ReactiveCocoa,4379,2703,359,985,332,75,ReactiveCocoa
,Alexpux/MINGW-packages,4373,2350,789,923,311,163,Alexpux/MINGW-packages
OmniSharp,omnisharp-vscode,4365,3290,202,136,737,26,OmniSharp
,vstakhov/rspamd,4362,1394,627,1970,371,29,vstakhov/rspamd
openvstorage,framework,4359,2130,522,1121,586,22,openvstorage
attic-labs,noms,4357,2508,724,739,386,28,attic-labs
RestComm,Restcomm-Connect,4356,1847,184,1423,902,52,RestComm
girder,girder,4354,1962,454,1774,164,43,girder
NuCivic,dkan,4351,618,718,2911,104,37,NuCivic
PaddlePaddle,Paddle,4343,2618,554,495,676,58,PaddlePaddle
nunit,nunit,4337,3436,173,323,405,43,nunit
StackStorm,st2,4332,2109,459,1494,270,58,StackStorm
moment,moment,4328,3293,292,227,516,130,moment
fluent,fluentd,4325,2530,394,1133,268,58,fluent
,ultrabug/py3status,4304,2638,503,1030,133,55,ultrabug/py3status
awesomeWM,awesome,4297,3280,401,250,366,41,awesomeWM
statsmodels,statsmodels,4295,3350,317,227,401,51,statsmodels
Cloud-CV,EvalAI,4292,2525,570,863,334,32,Cloud-CV
WikiEducationFoundation,WikiEduDashboard,4291,693,161,3085,352,42,WikiEducationFoundation
invoiceninja,invoiceninja,4279,2383,231,1261,404,41,invoiceninja
,kwsch/PKHeX,4276,1973,234,1375,694,49,kwsch/PKHeX
shadowsocks,shadowsocks-libev,4259,2787,241,608,623,70,shadowsocks
wet-boew,wet-boew,4258,3618,160,130,350,21,wet-boew
schemaorg,schemaorg,4252,3174,131,564,383,37,schemaorg
celery,celery,4247,2766,222,656,603,126,celery
shogun-toolbox,shogun,4246,2703,442,897,204,44,shogun-toolbox
getgrav,grav,4234,2891,102,677,564,44,getgrav
DarkstarProject,darkstar,4232,2523,604,823,282,73,DarkstarProject
blei-lab,edward,4217,1294,260,2386,277,56,blei-lab
MonoGame,MonoGame,4216,3453,289,187,287,34,MonoGame
typelevel,cats,4215,3154,437,419,205,117,typelevel
quantopian,zipline,4214,1007,521,2566,120,63,quantopian
x64dbg,x64dbg,4206,2494,262,786,664,39,x64dbg
cuckoosandbox,cuckoo,4205,3381,140,268,416,49,cuckoosandbox
dedis,cothority,4205,933,289,2738,245,35,dedis
cplusplus,draft,4203,1970,656,1305,272,55,cplusplus
wpninjas,ninja-forms,4202,1615,397,1264,926,46,wpninjas
ceph,ceph-ansible,4199,2411,499,1045,244,92,ceph
,farkam135/GoIV,4195,2770,395,745,285,39,farkam135/GoIV
Cockatrice,Cockatrice,4171,3228,233,273,437,26,Cockatrice
01org,ciao,4167,2085,599,861,622,39,01org
sitespeedio,sitespeed.io,4162,2138,204,1412,408,32,sitespeedio
Samsung,GearVRf,4156,3124,446,370,216,36,Samsung
scikit-image,scikit-image,4149,3345,329,219,256,88,scikit-image
informatics-isi-edu,chaise,4146,1753,249,1600,544,30,informatics-isi-edu
Jumpscale,jumpscale_core8,4142,524,421,2913,284,67,Jumpscale
termux,termux-packages,4139,2355,205,1060,519,54,termux
,dylanaraps/neofetch,4134,1852,318,1790,174,41,dylanaraps/neofetch
,cantino/huginn,4130,3240,244,304,342,57,cantino/huginn
zaproxy,zaproxy,4124,2618,489,607,410,39,zaproxy
apinf,platform,4124,2390,215,967,552,21,apinf
otavanopisto,muikku,4111,193,577,2570,771,34,otavanopisto
Alamofire,Alamofire,4099,2865,165,319,750,51,Alamofire
scrapy,scrapy,4096,2898,389,398,411,77,scrapy
CachetHQ,Cachet,4093,2438,273,913,469,39,CachetHQ
,honestbleeps/Reddit-Enhancement-Suite,4089,1644,911,1133,401,84,honestbleeps/Reddit-Enhancement-Suite
pantsbuild,pants,4087,1920,843,853,471,70,pantsbuild
haikuports,haikuports,4074,2277,533,1057,207,63,haikuports
SlimeKnights,TinkersConstruct,4046,2814,102,381,749,32,SlimeKnights
languagetool-org,languagetool,4042,1049,116,2669,208,49,languagetool-org
sqlcollaborative,dbatools,4030,1479,500,1722,329,54,sqlcollaborative
Courseplay,courseplay,4022,2960,170,394,498,33,Courseplay
rear,rear,4013,3281,192,255,285,27,rear
SemanticMediaWiki,SemanticMediaWiki,4008,1863,677,1261,207,35,SemanticMediaWiki
mumble-voip,mumble,3997,2746,435,476,340,34,mumble-voip
riot,riot,3994,2794,101,576,523,40,riot
pouchdb,pouchdb,3985,2648,236,682,419,57,pouchdb
,trueadm/inferno,3979,1508,192,2057,222,88,trueadm/inferno
stormpath,stormpath-sdk-java,3963,1384,378,1788,413,36,stormpath
,doomspork/elixir-school,3957,2403,687,752,115,170,doomspork/elixir-school
terasolunaorg,guideline,3946,1280,602,1760,304,53,terasolunaorg
UPBGE,blender,3946,1733,144,1813,256,31,UPBGE
WebAssembly,design,3941,2989,210,557,185,56,WebAssembly
BuoyantIO,linkerd,3940,1738,451,1462,289,43,BuoyantIO
melpa,melpa,3931,2770,872,188,101,120,melpa
quasar-analytics,quasar,3930,2586,508,463,373,21,quasar-analytics
Yelp,paasta,3928,1156,603,2015,154,66,Yelp
SynoCommunity,spksrc,3911,3263,169,131,348,29,SynoCommunity
jwplayer,jwplayer,3902,1321,645,1734,202,49,jwplayer
,McSwaggens/AimTux,3899,1872,206,1447,374,43,McSwaggens/AimTux
ZeroK-RTS,Zero-K,3899,1959,214,1131,595,35,ZeroK-RTS
,MichMich/MagicMirror,3893,2634,436,545,278,93,MichMich/MagicMirror
HandBrake,HandBrake,3892,2582,114,757,439,35,HandBrake
,travisgoodspeed/md380tools,3892,2442,373,746,331,53,travisgoodspeed/md380tools
vuejs,vue-router,3883,2854,183,154,692,47,vuejs
,igorpecovnik/lib,3870,2008,127,1462,273,45,igorpecovnik/lib
rollup,rollup,3862,2681,219,421,541,55,rollup
opencontainers,runc,3859,2992,450,240,177,81,opencontainers
antlr,antlr4,3859,2833,347,360,319,51,antlr
mozilla-services,pageshot,3848,1723,368,842,915,25,mozilla-services
square,okhttp,3840,2587,257,460,536,45,square
,sayterdarkwynd/FrackinUniverse,3838,420,365,2789,264,29,sayterdarkwynd/FrackinUniverse
OpenGreekAndLatin,First1KGreek,3837,1571,704,1110,452,23,OpenGreekAndLatin
azavea,raster-foundry,3835,1037,411,1766,621,24,azavea
phpmyadmin,phpmyadmin,3826,2067,221,851,687,159,phpmyadmin
sulu,sulu,3819,1888,636,845,450,51,sulu
openstreetmap,iD,3815,2129,196,1030,460,72,openstreetmap
kamailio,kamailio,3814,1792,288,1519,215,101,kamailio
aframevr,aframe,3809,2553,496,319,441,65,aframevr
hashcat,hashcat,3808,1720,511,1257,320,29,hashcat
Coursemology,coursemology2,3806,1878,698,774,456,27,Coursemology
,volumio/Volumio2,3805,2185,197,947,476,57,volumio/Volumio2
geany,geany,3803,3126,178,193,306,40,geany
acquia,blt,3799,1487,789,1183,340,67,acquia
qTox,qTox,3798,3065,248,205,280,25,qTox
mavlink,qgroundcontrol,3795,2609,392,267,527,26,mavlink
grails,grails-core,3777,2419,137,614,607,48,grails
swagger-api,swagger-ui,3771,2783,222,201,565,76,swagger-api
,friendica/friendica,3766,2403,654,504,205,29,friendica/friendica
collectd,collectd,3765,2550,336,606,273,89,collectd
,mtgred/netrunner,3765,2219,440,477,629,47,mtgred/netrunner
torchbox,wagtail,3760,2322,457,639,342,128,torchbox
idris-lang,Idris-dev,3759,2685,313,453,308,71,idris-lang
,Neilpang/acme.sh,3759,2308,313,816,322,53,Neilpang/acme.sh
duplicati,duplicati,3757,2492,144,506,615,43,duplicati
FreeRDP,FreeRDP,3753,2824,304,282,343,55,FreeRDP
,robbyrussell/oh-my-zsh,3752,2453,580,234,485,177,robbyrussell/oh-my-zsh
varnishcache,varnish-cache,3748,2145,156,1168,279,31,varnishcache
operable,cog,3746,861,477,1986,422,23,operable
hechoendrupal,DrupalConsole,3744,2197,644,577,326,120,hechoendrupal
,night/BetterTTV,3738,2064,203,509,962,41,night/BetterTTV
openucx,ucx,3732,2560,499,463,210,26,openucx
diaspora,diaspora,3726,2558,387,528,253,35,diaspora
red,red,3726,1527,146,1417,636,26,red
solidusio,solidus,3720,2379,619,543,179,95,solidusio
buildbot,buildbot,3715,1872,902,730,211,113,buildbot
mysociety,alaveteli,3704,1460,311,1681,252,25,mysociety
,thestonefox/SteamVR_Unity_Toolkit,3674,2341,294,664,375,31,thestonefox/SteamVR_Unity_Toolkit
VietOpenCPS,opencps,3664,1587,753,805,519,27,VietOpenCPS
alphagov,specialist-publisher-rebuild,3663,1219,228,1367,849,40,alphagov
avalonmediasystem,avalon,3661,1076,494,1482,609,29,avalonmediasystem
mochajs,mocha,3654,2681,185,400,388,51,mochajs
pyinstaller,pyinstaller,3652,2858,167,158,469,60,pyinstaller
,samaaron/sonic-pi,3648,2105,196,1046,301,145,samaaron/sonic-pi
NuGet,NuGetGallery,3641,2131,222,715,573,35,NuGet
prebid,Prebid.js,3639,2306,425,615,293,107,prebid
pkp,pkp-lib,3637,2524,356,169,588,27,pkp
pyfa-org,Pyfa,3633,2659,172,405,397,28,pyfa-org
FAForever,fa,3633,2137,429,758,309,36,FAForever
,soimort/you-get,3632,2609,188,218,617,60,soimort/you-get
api-platform,core,3624,2676,349,399,200,33,api-platform
contiki-os,contiki,3622,2733,358,280,251,88,contiki-os
,colinxfleming/dcaf_case_management,3613,2089,391,742,391,73,colinxfleming/dcaf_case_management
,larshp/abapGit,3611,1990,183,1113,325,25,larshp/abapGit
artsy,force,3610,1756,757,723,374,39,artsy
neos,neos-development-collection,3604,2143,612,721,128,87,neos
jolocom,little-sister,3589,953,139,2054,443,29,jolocom
divio,django-cms,3579,2279,481,489,330,60,divio
GeekyAnts,NativeBase,3575,2168,106,687,614,62,GeekyAnts
SparkDevNetwork,Rock,3575,998,290,1913,374,57,SparkDevNetwork
,wenzhixin/bootstrap-table,3571,2483,139,137,812,64,wenzhixin/bootstrap-table
open-learning-exchange,BeLL-Apps,3569,811,221,2242,295,37,open-learning-exchange
STEllAR-GROUP,hpx,3569,1197,379,1851,142,49,STEllAR-GROUP
grommet,grommet,3564,1723,320,994,527,76,grommet
,jmoenig/Snap--Build-Your-Own-Blocks,3557,2705,116,294,442,33,jmoenig/Snap--Build-Your-Own-Blocks
sonata-project,SonataAdminBundle,3550,2707,393,210,240,69,sonata-project
biolab,orange3,3548,1779,772,716,281,54,biolab
zotonic,zotonic,3541,1629,176,1484,252,30,zotonic
OpenMS,OpenMS,3530,2540,350,389,251,40,OpenMS
humhub,humhub,3528,1872,215,849,592,53,humhub
typetools,checker-framework,3527,1176,343,1771,237,35,typetools
ofiwg,libfabric,3525,2049,665,615,196,56,ofiwg
interlegis,sapl,3522,1315,221,1449,537,21,interlegis
,Miserlou/Zappa,3519,1979,230,948,362,98,Miserlou/Zappa
,iissnan/hexo-theme-next,3518,2565,133,154,666,63,iissnan/hexo-theme-next
uikit,uikit,3510,2074,124,661,651,53,uikit
ramda,ramda,3509,2937,197,117,258,63,ramda
RackHD,RackHD,3506,2646,353,313,194,70,RackHD
nova-framework,framework,3496,1496,828,1058,114,24,nova-framework
,JeffreyWay/laravel-mix,3496,2455,114,386,541,55,JeffreyWay/laravel-mix
python-pillow,Pillow,3485,2209,448,584,244,58,python-pillow
top-think,framework,3478,750,351,2113,264,66,top-think
slamdata,slamdata,3476,2329,361,432,354,23,slamdata
esl,MongooseIM,3474,1056,432,1821,165,52,esl
ligo-cbc,pycbc,3472,1674,683,982,133,58,ligo-cbc
akkadotnet,akka.net,3466,2309,437,395,325,65,akkadotnet
,robertohuertasm/vscode-icons,3447,2126,289,677,355,50,robertohuertasm/vscode-icons
javaslang,javaslang,3445,2342,390,415,298,53,javaslang
SimpleMachines,SMF2.1,3443,2515,352,295,281,36,SimpleMachines
yandex,ClickHouse,3440,993,415,1804,228,68,yandex
rancher,os,3439,2160,438,403,438,28,rancher
MightyPirates,OpenComputers,3432,2338,104,471,519,26,MightyPirates
symfony,symfony-docs,3426,1976,758,519,173,161,symfony
appirio-tech,connect-app,3425,1862,239,659,665,26,appirio-tech
IBM-Swift,Kitura,3422,1961,184,721,556,61,IBM-Swift
nengo,nengo,3420,2176,146,955,143,31,nengo
diesel-rs,diesel,3419,1570,288,1285,276,51,diesel-rs
fuse-box,fuse-box,3418,1927,152,1034,305,45,fuse-box
actorapp,actor-platform,3417,447,120,2370,480,35,actorapp
,tgriesser/knex,3408,2528,166,198,516,63,tgriesser/knex
,pangloss/vim-javascript,3399,1628,380,1206,185,23,pangloss/vim-javascript
MRtrix3,mrtrix3,3385,1592,277,1331,185,26,MRtrix3
sass,node-sass,3382,2517,129,340,396,27,sass
hpi-swt2,workshop-portal,3379,742,312,1961,364,52,hpi-swt2
qorelanguage,qore,3369,712,601,1521,535,26,qorelanguage
cerebral,cerebral,3368,1575,451,1202,140,41,cerebral
TesseractTeam,Tesseract,3365,1908,128,944,385,39,TesseractTeam
coala-analyzer,coala,3364,2262,281,463,358,54,coala-analyzer
,tvalacarta/pelisalacarta,3356,2283,437,526,110,39,tvalacarta/pelisalacarta
poooi,poi,3354,1794,151,1071,338,39,poooi
,magnumripper/JohnTheRipper,3353,2332,150,624,247,33,magnumripper/JohnTheRipper
Financial-Times,polyfill-service,3351,1748,301,1103,199,69,Financial-Times
tesseract-ocr,tesseract,3349,2491,164,343,351,42,tesseract-ocr
loklak,loklak_server,3348,1719,437,864,328,52,loklak
gravitational,teleport,3341,1232,324,1515,270,41,gravitational
,ErmiyaEskandary/Slither.io-bot,3341,2428,125,564,224,32,ErmiyaEskandary/Slither.io-bot
dask,dask,3338,2401,364,193,380,40,dask
SharePoint,sp-dev-docs,3337,1995,101,803,438,44,SharePoint
EDDiscovery,EDDiscovery,3331,1050,572,1504,205,29,EDDiscovery
,Manishearth/rust-clippy,3326,1990,301,536,499,59,Manishearth/rust-clippy
zeromq,libzmq,3319,2333,390,386,210,165,zeromq
iovisor,bcc,3316,2256,394,438,228,100,iovisor
lbryio,lbry,3316,842,413,1910,151,25,lbryio
,Fyrd/caniuse,3303,1943,296,597,467,151,Fyrd/caniuse
pmmp,PocketMine-MP,3303,1612,187,1183,321,26,pmmp
,jlongster/prettier,3301,2156,360,404,381,52,jlongster/prettier
diffblue,cbmc,3301,1623,504,970,204,56,diffblue
bitsquare,bitsquare,3294,1846,109,1009,330,36,bitsquare
intelsdi-x,snap,3279,2138,413,377,351,78,intelsdi-x
opendatakit,collect,3278,2387,313,265,313,64,opendatakit
rstudio,sparklyr,3276,1887,127,825,437,25,rstudio
LLK,scratch-www,3273,1929,421,466,457,30,LLK
lyft,envoy,3272,1240,446,1413,173,46,lyft
nopSolutions,nopCommerce,3271,983,117,1287,884,31,nopSolutions
ehcache,ehcache3,3270,1611,667,598,394,41,ehcache
FreeRADIUS,freeradius-server,3261,999,235,1875,152,52,FreeRADIUS
2factorauth,twofactorauth,3260,1859,711,560,130,184,2factorauth
skatejs,skatejs,3251,1538,202,1223,288,39,skatejs
status-im,status-react,3250,1286,272,1245,447,35,status-im
jquery,jquery,3249,2519,163,148,419,32,jquery
gatsbyjs,gatsby,3247,1989,273,710,275,128,gatsbyjs
,kripken/emscripten,3246,2160,346,284,456,26,kripken/emscripten
,antirez/redis,3246,2049,297,424,476,59,antirez/redis
libgdx,libgdx,3242,2147,296,389,410,108,libgdx
mbedmicro,mbed,3242,2432,449,190,171,39,mbedmicro
ckan,ckan,3240,1988,316,616,320,66,ckan
ganga-devs,ganga,3236,1901,185,966,184,29,ganga-devs
drush-ops,drush,3227,1766,276,853,332,76,drush-ops
openfoodfoundation,openfoodnetwork,3223,2148,170,406,499,35,openfoodfoundation
aws,aws-cli,3218,2123,250,461,384,45,aws
,olafurpg/scalafmt,3217,1540,218,1026,433,49,olafurpg/scalafmt
ros-planning,moveit,3216,2214,309,519,174,47,ros-planning
otland,forgottenserver,3206,2456,290,255,205,36,otland
firebase,FirebaseUI-Android,3196,2356,247,263,330,48,firebase
OnsenUI,OnsenUI,3188,1347,283,1260,298,31,OnsenUI
leancloud,docs,3187,1435,607,837,308,61,leancloud
jitsi,jitsi-meet,3186,1272,620,1080,214,48,jitsi
uProxy,uproxy,3182,1443,285,1194,260,43,uProxy
rails-api,active_model_serializers,3181,2497,243,217,224,88,rails-api
I2PC,scipion,3178,803,219,1797,359,37,I2PC
pydata,xarray,3177,2408,219,233,317,46,pydata
RaRe-Technologies,gensim,3176,2301,308,352,215,80,RaRe-Technologies
,photonstorm/phaser,3174,1498,202,1068,406,92,photonstorm/phaser
metacloud,molecule,3169,1781,418,721,249,52,metacloud
MoonchildProductions,Pale-Moon,3164,1805,309,771,279,29,MoonchildProductions
AtomicGameEngine,AtomicGameEngine,3164,1480,409,904,371,39,AtomicGameEngine
scp-fs2open,fs2open.github.com,3162,1695,599,708,160,41,scp-fs2open
cake-build,cake,3156,2227,303,260,366,54,cake-build
circleci,circleci-docs,3155,1071,636,1183,265,137,circleci
GoogleCloudPlatform,google-cloud-python,3155,2286,263,270,336,25,Google Cloud Platform
rtfd,readthedocs.org,3150,1832,214,684,420,52,rtfd
Axelrod-Python,Axelrod,3148,1805,308,900,135,35,Axelrod-Python
AugurProject,augur,3147,647,173,2161,166,24,AugurProject
Moya,Moya,3143,2186,246,412,299,55,Moya
dib-lab,khmer,3143,1748,163,1075,157,27,dib-lab
ractivejs,ractive,3139,1968,166,718,287,25,ractivejs
,jessesquires/JSQMessagesViewController,3131,2347,155,212,417,52,jessesquires/JSQMessagesViewController
witheve,Eve,3124,857,249,1762,256,42,witheve
indico,indico,3123,817,391,1713,202,27,indico
,chmln/flatpickr,3122,1609,142,827,544,87,chmln/flatpickr
CiscoCloud,mantl,3121,1909,307,627,278,45,CiscoCloud
i3,i3,3117,2492,161,156,308,46,i3
yakyak,yakyak,3116,2367,155,248,346,42,yakyak
Carthage,Carthage,3109,2160,230,323,396,49,Carthage
CellProfiler,CellProfiler,3105,1373,245,968,519,25,CellProfiler
,skyarkhangel/Hardcore-SK,3105,1432,314,877,482,36,skyarkhangel/Hardcore-SK
,JedWatson/react-select,3100,2176,223,153,548,93,JedWatson/react-select
redfin,react-server,3095,1595,504,745,251,74,redfin
ppy,osu-web,3085,856,492,1590,147,43,ppy
TrueCar,gluestick,3085,793,505,1531,256,37,TrueCar
styled-components,styled-components,3084,2300,206,224,354,37,styled-components
robotology,yarp,3081,1475,253,1160,193,49,robotology
dash-project,dash,3081,1217,203,1486,175,24,dash-project
,mawww/kakoune,3076,2076,242,328,430,46,mawww/kakoune
naver,pinpoint,3075,1314,640,658,463,32,naver
,zyedidia/micro,3074,1632,218,817,407,69,zyedidia/micro
PrismLibrary,Prism,3073,2248,199,318,308,36,PrismLibrary
activeadmin,activeadmin,3073,2305,204,239,325,65,activeadmin
open62541,open62541,3067,1394,213,1229,231,60,open62541
ufal,neuralmonkey,3064,1430,168,1234,232,21,ufal
quicwg,base-drafts,3063,1293,189,1337,244,24,quicwg
,h4cc/awesome-elixir,3063,522,302,314,1925,198,h4cc/awesome-elixir
