repo,commits
eclipse/che,7089
eclipse/jetty.project,2274
eclipse/kura,1088
eclipse/kapua,1068
eclipse/omr,639
eclipse/xtext-core,603
eclipse/xtext-xtend,504
eclipse/californium,431
eclipse/xtext-eclipse,400
eclipse/buildship,391
eclipse/rdf4j,379
eclipse/hono,376
eclipse/vorto,356
eclipse/xtext-extras,333
eclipse/elk,316
eclipse/xtext,297
eclipse/che-docs,297
eclipse/hawkbit,273
eclipse/ice,265
eclipse/milo,260
eclipse/leshan,240
eclipse/eavp,193
eclipse/paho.mqtt.c,185
eclipse/triquetrum,155
eclipse/che-archetypes,136
eclipse/eclipse-collections,130
eclipse/january,128
eclipse/packagedrone,117
eclipse/lsp4j,110
eclipse/mosquitto,109
eclipse/microprofile-config,91
eclipse/paho.mqtt.java,87
eclipse/xtext-idea,86
eclipse/paho.mqtt.cpp,86
eclipse/wakaama,77
eclipse/paho.mqtt.python,77
eclipse/xtext-umbrella,76
eclipse/rdf4j-doc,75
eclipse/xtext-web,75
eclipse/golo-lang,61
eclipse/eclipse.jdt.ls,54
eclipse/tm4e,52
eclipse/paho.mqtt.android,39
eclipse/paho.mqtt.golang,24
eclipse/paho.mqtt.javascript,18
eclipse/smarthome,11
