activity,comments,prs,commits,issues,author
3628,1250,707,1276,395,paulirish
3381,816,643,1534,388,gauntface
2849,1346,397,604,502,ebidel
2390,1122,298,614,356,patrickhulce
2340,881,467,601,391,jeffposnick
2041,905,378,564,194,brendankenny
1673,754,343,222,354,aslushnikov
938,173,242,412,111,mdittmer
918,262,116,438,102,surma
736,269,62,276,129,lgarron
705,485,44,78,98,wardpeet
684,129,154,345,56,juliantoledo
657,347,95,120,95,addyosmani
390,158,50,136,46,robdodson
371,264,64,0,43,XhmikosR
356,58,64,157,77,jeffcarp
343,101,69,120,53,jpmedley
324,118,110,68,28,beaufortfrancois
291,29,83,161,18,m-cheung
275,117,28,115,15,prateekbh
267,96,39,84,48,samthor
260,86,58,87,29,hoch
245,80,28,107,30,philipwalton
241,58,111,48,24,andreban
227,195,18,8,6,Garbee
224,55,25,108,36,paullewis
212,72,30,96,14,samccone
205,120,60,10,15,JoelEinbinder
199,79,26,58,36,kaycebasques
197,157,20,0,20,vsemozhetbyt
191,41,31,101,18,samhincks
177,144,21,0,12,ev1stensberg
151,94,37,0,20,denar90
148,148,0,0,0,codecov-io
145,145,0,0,0,coveralls
132,53,34,26,19,samuelli
125,91,5,0,29,foolip
114,19,2,84,9,asankah
114,70,5,3,36,pavelfeldman
100,54,28,9,9,sebastianbenz
100,14,21,49,16,wibblymat
96,39,17,17,23,illiminable
89,56,2,1,30,RByers
80,69,8,0,3,Janpot
77,55,13,0,9,ByJamesBurton
77,56,9,0,12,kdzwinel
75,61,5,0,9,stramel
71,40,10,7,14,vinamratasingal
69,29,19,7,14,wwwillchen
61,30,24,0,7,allenktv
57,44,1,0,12,entrptaher
55,36,16,1,2,WeiweiAtGit
53,26,13,5,9,ithinkihaveacat
50,30,1,0,19,hekod777
50,31,2,0,17,rviscomi
50,30,8,0,12,ramlmn
50,38,7,0,5,brutalcrozt
48,2,2,31,13,emaxx-google
47,13,26,0,8,jingt06
47,42,2,0,3,goldhand
47,23,8,8,8,rtoy
46,41,3,0,2,benschwarz
43,34,0,0,9,gajus
43,18,0,16,9,rpaquay
42,7,9,13,13,PaulKinlan
39,13,8,6,12,dandv
39,17,3,1,18,samdutton
38,29,5,0,4,TimvdLippe
38,29,0,0,9,sradu
38,27,6,0,5,mixed
35,26,1,0,8,ORESoftware
34,13,9,8,4,devnook
34,28,0,0,6,graingert
33,21,1,0,11,mbj36
33,23,0,0,10,pedro93
32,19,2,10,1,agektmr
32,30,0,0,2,jgraham
32,27,0,0,5,pocketjoso
31,29,2,0,0,ThisIzKp
30,9,4,12,5,nedn
30,25,5,0,0,karanjthakkar
29,11,0,18,0,wychen
29,18,11,0,0,sendilkumarn
28,3,14,11,0,flackr
28,17,0,0,11,codenoid
28,27,0,0,1,tdresser
28,26,2,0,0,marumari
27,22,0,0,5,othermaciej
26,20,6,0,0,ChristianDavis
26,17,3,0,6,anilanar
25,21,0,0,4,bzbarsky
25,23,2,0,0,tkadlec
25,7,5,10,3,sgomes
25,23,1,0,1,kensoh
24,17,2,0,5,HenrikJoreteg
24,17,7,0,0,drewbitllama
23,13,3,5,2,alice
23,9,4,9,1,notwaldorf
23,15,7,0,1,olingern
22,15,0,0,7,Khady
