org,repo
GoogleCloudPlatform,GoogleCloudPlatform/kubernetes-workshops
containerd,containerd/btrfs
containerd,containerd/cgroups
containerd,containerd/console
containerd,containerd/containerd
containerd,containerd/continuity
containerd,containerd/fifo
containerd,containerd/go-runc
containernetworking,containernetworking/cni
containernetworking,containernetworking/plugins
coredns,coredns/blog.coredns.io
coredns,coredns/coredns
coredns,coredns/coredns.io
coredns,coredns/deployment
coredns,coredns/perf-tests
coredns,coredns/presentations
coreos,coreos/rkt
docker,docker/containerd
fluent,fluent/NLog.Targets.Fluentd
fluent,fluent/fluent-bit
fluent,fluent/fluent-bit-docker-image
fluent,fluent/fluent-bit-docs
fluent,fluent/fluent-bit-go
fluent,fluent/fluent-bit-kubernetes-daemonset
fluent,fluent/fluent-logger-erlang
fluent,fluent/fluent-logger-golang
fluent,fluent/fluent-logger-java
fluent,fluent/fluent-logger-node
fluent,fluent/fluent-logger-perl
fluent,fluent/fluent-logger-php
fluent,fluent/fluent-logger-python
fluent,fluent/fluent-logger-ruby
fluent,fluent/fluent-logger-scala
fluent,fluent/fluent-plugin-flume
fluent,fluent/fluent-plugin-grok-parser
fluent,fluent/fluent-plugin-kafka
fluent,fluent/fluent-plugin-mongo
fluent,fluent/fluent-plugin-multiprocess
fluent,fluent/fluent-plugin-rewrite-tag-filter
fluent,fluent/fluent-plugin-s3
fluent,fluent/fluent-plugin-sql
fluent,fluent/fluent-plugin-webhdfs
fluent,fluent/fluent-plugin-windows-eventlog
fluent,fluent/fluentd
fluent,fluent/fluentd-docker-image
fluent,fluent/fluentd-docs
fluent,fluent/fluentd-forwarder
fluent,fluent/fluentd-kubernetes-daemonset
fluent,fluent/fluentd-ui
fluent,fluent/fluentd-website
fluent,fluent/serverengine
grpc,grpc/grpc
grpc,grpc/grpc-common
grpc,grpc/grpc-contrib
grpc,grpc/grpc-docker-library
grpc,grpc/grpc-experiments
grpc,grpc/grpc-go
grpc,grpc/grpc-haskell
grpc,grpc/grpc-java
grpc,grpc/grpc-swift
grpc,grpc/grpc-tools
grpc,grpc/grpc.github.io
grpc,grpc/homebrew-grpc
grpc,grpc/proposal
grpc-ecosystem,grpc-ecosystem/go-grpc-middleware
grpc-ecosystem,grpc-ecosystem/go-grpc-prometheus
grpc-ecosystem,grpc-ecosystem/grift
grpc-ecosystem,grpc-ecosystem/grpc-exchange-o-gram
grpc-ecosystem,grpc-ecosystem/grpc-gateway
grpc-ecosystem,grpc-ecosystem/grpc-httpjson-transcoding
grpc-ecosystem,grpc-ecosystem/grpc-opentracing
grpc-ecosystem,grpc-ecosystem/grpc-simon-says
grpc-ecosystem,grpc-ecosystem/java-grpc-prometheus
grpc-ecosystem,grpc-ecosystem/meetup-kit
grpc-ecosystem,grpc-ecosystem/polyglot
kubernetes,kubernetes/apimachinery
kubernetes,kubernetes/apiserver
kubernetes,kubernetes/autoscaler
kubernetes,kubernetes/charts
kubernetes,kubernetes/client-go
kubernetes,kubernetes/community
kubernetes,kubernetes/contrib
kubernetes,kubernetes/dashboard
kubernetes,kubernetes/dns
kubernetes,kubernetes/examples
kubernetes,kubernetes/features
kubernetes,kubernetes/frakti
kubernetes,kubernetes/gengo
kubernetes,kubernetes/git-sync
kubernetes,kubernetes/heapster
kubernetes,kubernetes/helm
kubernetes,kubernetes/ingress
kubernetes,kubernetes/k8s.io
kubernetes,kubernetes/kops
kubernetes,kubernetes/kube-aggregator
kubernetes,kubernetes/kube-deploy
kubernetes,kubernetes/kube-state-metrics
kubernetes,kubernetes/kube-ui
kubernetes,kubernetes/kubeadm
kubernetes,kubernetes/kubectl
kubernetes,kubernetes/kubedash
kubernetes,kubernetes/kubernetes
kubernetes,kubernetes/kubernetes-anywhere
kubernetes,kubernetes/kubernetes-bootcamp
kubernetes,kubernetes/kubernetes-docs-cn
kubernetes,kubernetes/kubernetes-template-project
kubernetes,kubernetes/kubernetes.github.io
kubernetes,kubernetes/metrics
kubernetes,kubernetes/minikube
kubernetes,kubernetes/node-problem-detector
kubernetes,kubernetes/perf-tests
kubernetes,kubernetes/pr-bot
kubernetes,kubernetes/release
kubernetes,kubernetes/repo-infra
kubernetes,kubernetes/sample-apiserver
kubernetes,kubernetes/test-infra
kubernetes-client,kubernetes-client/csharp
kubernetes-client,kubernetes-client/gen
kubernetes-client,kubernetes-client/java
kubernetes-client,kubernetes-client/python-base
kubernetes-client,kubernetes-client/ruby
kubernetes-incubator,kubernetes-incubator/apiserver-builder
kubernetes-incubator,kubernetes-incubator/application-images
kubernetes-incubator,kubernetes-incubator/bootkube
kubernetes-incubator,kubernetes-incubator/client-python
kubernetes-incubator,kubernetes-incubator/cluster-capacity
kubernetes-incubator,kubernetes-incubator/cluster-proportional-autoscaler
kubernetes-incubator,kubernetes-incubator/cri-containerd
kubernetes-incubator,kubernetes-incubator/cri-o
kubernetes-incubator,kubernetes-incubator/cri-tools
kubernetes-incubator,kubernetes-incubator/external-dns
kubernetes-incubator,kubernetes-incubator/external-storage
kubernetes-incubator,kubernetes-incubator/ip-masq-agent
kubernetes-incubator,kubernetes-incubator/kargo
kubernetes-incubator,kubernetes-incubator/kompose
kubernetes-incubator,kubernetes-incubator/kube-aws
kubernetes-incubator,kubernetes-incubator/kube-mesos-framework
kubernetes-incubator,kubernetes-incubator/metrics-server
kubernetes-incubator,kubernetes-incubator/nfs-provisioner
kubernetes-incubator,kubernetes-incubator/node-feature-discovery
kubernetes-incubator,kubernetes-incubator/reference-docs
kubernetes-incubator,kubernetes-incubator/rktlet
kubernetes-incubator,kubernetes-incubator/service-catalog
kubernetes-incubator,kubernetes-incubator/spartakus
linkerd,linkerd/linkerd
linkerd,linkerd/linkerd-examples
linkerd,linkerd/linkerd-tcp
linkerd,linkerd/linkerd-viz
linkerd,linkerd/linkerd-zipkin
linkerd,linkerd/namerctl
linkerd,linkerd/rustup-nightly-docker
linkerd,linkerd/tacho
opentracing,opentracing/basictracer-csharp
opentracing,opentracing/basictracer-go
opentracing,opentracing/basictracer-javascript
opentracing,opentracing/basictracer-python
opentracing,opentracing/contrib
opentracing,opentracing/opentracing-cpp
opentracing,opentracing/opentracing-csharp
opentracing,opentracing/opentracing-go
opentracing,opentracing/opentracing-java
opentracing,opentracing/opentracing-javascript
opentracing,opentracing/opentracing-objc
opentracing,opentracing/opentracing-python
opentracing,opentracing/opentracing-ruby
opentracing,opentracing/opentracing.github.io
opentracing,opentracing/opentracing.io
opentracing,opentracing/specification
prometheus,prometheus/alertmanager
prometheus,prometheus/blackbox_exporter
prometheus,prometheus/busybox
prometheus,prometheus/client_golang
prometheus,prometheus/client_java
prometheus,prometheus/client_model
prometheus,prometheus/client_python
prometheus,prometheus/client_ruby
prometheus,prometheus/cloudwatch_exporter
prometheus,prometheus/collectd_exporter
prometheus,prometheus/common
prometheus,prometheus/consul_exporter
prometheus,prometheus/docs
prometheus,prometheus/golang-builder
prometheus,prometheus/graphite_exporter
prometheus,prometheus/haproxy_exporter
prometheus,prometheus/influxdb_exporter
prometheus,prometheus/jmx_exporter
prometheus,prometheus/memcached_exporter
prometheus,prometheus/mysqld_exporter
prometheus,prometheus/nagios_plugins
prometheus,prometheus/node_exporter
prometheus,prometheus/procfs
prometheus,prometheus/prom2json
prometheus,prometheus/promdash
prometheus,prometheus/prometheus
prometheus,prometheus/prometheus.github.io
prometheus,prometheus/prometheus_cli
prometheus,prometheus/promu
prometheus,prometheus/pushgateway
prometheus,prometheus/snmp_exporter
prometheus,prometheus/statsd_exporter
prometheus,prometheus/tsdb
prometheus,prometheus/utils
rkt,rkt/rkt
rkt,rkt/stage1-xen