OpenStack API,OpenStack
OpenStack Ansible,OpenStack
OpenStack Charmers,OpenStack
OpenStack Cinder,OpenStack
OpenStack Community,OpenStack
OpenStack Cookbook,OpenStack
OpenStack Dev,OpenStack
OpenStack Glance,OpenStack
OpenStack Heat,OpenStack
OpenStack Horizon,OpenStack
OpenStack Hyper-v,OpenStack
OpenStack Infra,OpenStack
OpenStack Keystone,OpenStack
OpenStack Korean,OpenStack
OpenStack Manila,OpenStack
OpenStack Manuals,OpenStack
OpenStack Mistral,OpenStack
OpenStack Mobile,OpenStack
OpenStack Murano,OpenStack
OpenStack Net SDK,OpenStack
OpenStack Neutron,OpenStack
OpenStack Nova,OpenStack
OpenStack Other Repos,OpenStack
OpenStack Packages,OpenStack
OpenStack Snaps,OpenStack
OpenStack Stackalytics,OpenStack
OpenStack Swift,OpenStack
OpenStack Tools,OpenStack
OpenStack Web,OpenStack
Kata Containers,OpenStack
openstack,OpenStack
