org,repo,project
"enkidevs,csu2017sp314,thoughtbot,illacceptanything,RubySteps,RainbowEngineer,awslabs,gitlabhq","Microsoft/techcasestudies,gitlabhq/gitlabhq",
"2015firstcmsc100,swcarpentry,exercism,neveragaindottech,ituring","mozilla/learning.mozilla.org,Microsoft/HolographicAcademy,w3c/aria-practices,w3c/csswg-test",
,"google/earthengine-api,google/pytype,google/walt,google/stagehand,google/bloaty,google/grr,google/spatial-media,google/googletest,google/jsonapi,google/cameraview,google/instrumentation-java,google/android-classyshark,google/mtail,google/shaderc,google/jsonnet,google/web-starter-kit,google/closure-compiler-js,google/cloudprint_logocert,google/blockly-android,google/auto,google/keyczar,google/nomulus,google/oauth2client,google/stenographer,google/rekall-profiles,google/google-api-dotnet-client,google/lovefield,google/google-auth-library-java,google/google-api-objectivec-client-for-rest,google/quiver-dart,google/proto-lens,google/tarpc,google/kati,google/pageloader,google/mathfu,google/UIforETW,google/glog,google/neuroglancer,google/cloud-print-connector,google/ctfscoreboard,google/ios-webkit-debug-proxy,google/u2f-ref-code,google/google-auth-library-php,google/double-conversion,google/vrview,google/santa,google/wycheproof,google/seesaw,google/google-oauth-java-client,google/charted,google/highwayhash,google/recaptcha,google/protobuf-gradle-plugin,google/tracing-framework,google/chicago-brick,google/agera,google/cctz,google/marzipano,google/safebrowsing,google/simian,google/timesketch,google/mozc,google/libfuzzer-bot,google/compile-testing,google/google-authenticator,google/shenzhen-go,google/play-work,google/go-genproto,google/acme,google/google-api-python-client,google/MOE,google/keytransparency,google/vector_math.dart,google/netboot,google/copybara,google/google-api-php-client-services,google/python-gflags,google/guice,google/clusterfuzz-tools,google/closure-compiler-npm,google/farmhash,google/btree,google/built_collection.dart,google/sprockets,google/aff4,google/mobly-bundled-snippets,google/science-journal-arduino,google/cordova-plugin-browsertab,google/badwolf,google/fplutil,google/transitfeed,google/caliper,google/omaha,google/gtm-session-fetcher,google/mirandum,google/transit,google/macops-MOLAuthenticatingURLSession,google/periph,google/eslint-config-google,google/binnavi,google/fruit,google/closure-templates,google/key-transparency,google/git-appraise,google/enjarify,google/built_value.dart,google/vim-jsonnet,google/souper,google/sentencepiece,google/gae-secure-scaffold-python,google/xi-mac,google/certificate-transparency-java,google/godepq,google/oauth2l,google/butteraugli,google/traceur-compiler,google/google-api-dotnet-client-samples,google/google-authenticator-libpam,google/import-mailbox-to-gmail,google/der-ascii,google/open-location-code,google/codeu_project_2017,google/FreeBuilder,google/hat-backup,google/vim-codefmt,google/material-design-icons,google/flatui,google/canvas-5-polyfill,google/upb,google/tensorflow-rust,google/santa-tracker-android,google/google-toolbox-for-mac,google/stijl,google/blockly-ios,google/openrtb,google/platform.dart,google/compact_enc_det,google/fancy-regex,google/font-rs,google/android-testing-support-library,google/budou,google/rappor,google/google-apps-script-samples,google/leveldb,google/woff2,google/google-api-objectivec-client,google/primarysources,google/hyou,google/zopfli,google/election_results_xml_validator,google/voyager,google/hover,google/python-adb,google/dart-gl,google/re2j,google/open-vcdiff,google/adb-sync,google/allocation-instrumenter,google/instrumentation-proto,google/arc-xcode-test-engine,google/closure-builder,google/nogotofail,google/consumer-surveys,google/google-api-javascript-client,google/mobly-snippet-lib,google/signet,google/easypki,google/kafel,google/code-prettify,google/mt,google/macops-keychainminder,google/gdata-objectivec-client,google/libnss-cache,google/dorusu-js,google/password-alert,google/openrtb-doubleclick,google/weasel,google/science-journal,google/process.dart,google/file.dart,google/contentbox,google/protobuf-dt,google/etc2comp,google/gcm,google/santa-tracker-web,google/subpar,google/web-bsd-hunt,google/pygtrie,google/skicka,google/libprotobuf-mutator,google/subcommands,google/extra-keyboards-for-chrome-os,google/GOSScrollViewDelegateMultiplexer,google/autofdo,google/google-http-java-client,google/audion,google/built_json.dart,google/rtc-video-quality,google/rspirv,google/badssl.com,google/uuid,google/google-authenticator-android,google/xrtl,google/vim-maktaba,google/caja,google/binexport,google/roboto,google/iosched,google/gaps-support-tool,google/github-issue-mover,google/census-java,google/search-samples,google/gtm-oauth2",
,"Microsoft/dotnet-reliability,Microsoft/malmo-challenge,Microsoft/mobile-center-sdk-android,Microsoft/tolerant-php-parser,Microsoft/mobile-center-sdk-dotnet,Microsoft/prose,Microsoft/dafny,Microsoft/PowerBI-Node,Microsoft/TouchDevelop,Microsoft/PowerBI-visuals-sampleBarChart,Microsoft/azure-docs.fr-fr,Microsoft/azure-docs.pt-br,Microsoft/Multiverso,Microsoft/Build-OMS-Agent-for-Linux,Microsoft/Phoenix,Microsoft/uwp-experiences,Microsoft/vstest-docs,Microsoft/cci,Microsoft/Cognitive-Speech-TTS,Microsoft/react-native-windows,Microsoft/powerbi-models,Microsoft/Reporting-Services,Microsoft/Docs,Microsoft/hcsshim,Microsoft/xbox-live-api,Microsoft/BotFramework-DirectLineJS,Microsoft/mobile-center-cli,Microsoft/Appsample-Photosharing,Microsoft/TVHelpers,Microsoft/azure-docs.it-it,Microsoft/WingTipTickets,Microsoft/almvm,Microsoft/Windows-task-snippets,Microsoft/go-winio,Microsoft/mail2bug,Microsoft/deployr-rserve,Microsoft/Tx,Microsoft/ivy,Microsoft/rDSN,Microsoft/cordova-samples,Microsoft/vscode-spell-check,Microsoft/vsts-extension-multivalue-control,Microsoft/automatic-graph-layout,Microsoft/ProtocolTestFramework,Microsoft/Win2D,Microsoft/VisualStudio2017Launch_KeynoteDemos,Microsoft/SimpleStubs,Microsoft/dotnet-framework-docker,Microsoft/elfie-arriba,Microsoft/dotnet-computevirtualization,Microsoft/VS-PPT,Microsoft/Availability-Monitor-for-Kafka,Microsoft/diskspd,Microsoft/dotnet-framework-docker-samples,Microsoft/Cognitive-Face-iOS,Microsoft/azure-docs.zh-cn,Microsoft/TouchDevelop-backend,Microsoft/groove-api-documentation,Microsoft/vs-streamjsonrpc,Microsoft/Git-Credential-Manager-for-Mac-and-Linux,Microsoft/types-publisher,Microsoft/RTVS-docs,Microsoft/vsts-agent-docker,Microsoft/vsts-nexus,Microsoft/pxt-adafruit-circuit-playground,Microsoft/mobile-center-sdk-xamarin,Microsoft/DevSkim,Microsoft/mwt-ds-management-center,Microsoft/ProjectOxford-ClientSDK,Microsoft/code-push-vsts-extension,Microsoft/vsts-extension-toggle-control,Microsoft/pxt-blockly,Microsoft/CSharpClient-for-Kafka,Microsoft/acceleratoRs,Microsoft/Cognitive-Face-Android,Microsoft/AppDevXbox,Microsoft/vsts-extension-color-control,Microsoft/xbox-live-api-csharp,Microsoft/angular2-slickgrid,Microsoft/Cognitive-LUIS-Windows,Microsoft/ospo-ghcrawler,Microsoft/StoreBroker,Microsoft/DirectXTK,Microsoft/ghcrawler,Microsoft/vsts-restapi-samplecode,Microsoft/azure-tools-for-java,Microsoft/FFmpegInterop,Microsoft/Azure-SQL-DB-auditing-OMS-integration,Microsoft/MIMPowerShellConnectors,Microsoft/CMake,Microsoft/NFC-Class-Extension-Driver,Microsoft/GVFS,Microsoft/PowerBI-visuals-StrippetsBrowser,Microsoft/BotBuilder-Azure,Microsoft/TSS.MSR,Microsoft/vsts-docker,Microsoft/moodle-auth_oidc,Microsoft/TypeScript-wiki,Microsoft/openssl,Microsoft/Cognitive-Vision-Android,Microsoft/pxt-common-packages,Microsoft/Bing-Maps-V8-TypeScript-Definitions,Microsoft/VisualStudioUninstaller,Microsoft/Typedoc-Webpack-Plugin,Microsoft/ApplicationInsights-Python,Microsoft/microsoft.github.io,Microsoft/pict,Microsoft/checkedc-llvm,Microsoft/pxt-neopixel,Microsoft/moodle-local_o365,Microsoft/vscode-cpptools,Microsoft/Code-Search,Microsoft/gulp-core-build-typescript,Microsoft/Cognitive-Face-Python,Microsoft/krabsetw,Microsoft/Loop-Sample-Trips-Android,Microsoft/busiotools,Microsoft/DMTK,Microsoft/ApplicationInsights-Android,Microsoft/vsts-jboss-wildfly,Microsoft/OMS-docker,Microsoft/Loop-Sample-Trips-IOS,Microsoft/hdfs-mount,Microsoft/Cognitive-Vision-Windows,Microsoft/HealthClinic.biz,Microsoft/vscode-react-sample,Microsoft/vsts-uservoice-ui-extension,Microsoft/Resource-Static-Analysis,Microsoft/redie,Microsoft/distributed_word_embedding,Microsoft/BikeSharing360_MobileApps,Microsoft/MSRC-Microsoft-Security-Updates-API,Microsoft/VCSamples,Microsoft/remotebuild,Microsoft/Windows-classic-samples,Microsoft/Vipr,Microsoft/iot-samples,Microsoft/ws2016lab,Microsoft/AzureSMR,Microsoft/taco-team-build,Microsoft/angle,Microsoft/fsharplu,Microsoft/ApplicationInsights-PHP,Microsoft/pgtester,Microsoft/moodle-filter_oembed,Microsoft/TechnicalCommunityContent,Microsoft/Dynamics-AX-Integration,Microsoft/r-server-campaign-optimization,Microsoft/PowerBI-visuals-core,Microsoft/oauth2-useragent,Microsoft/BotBuilder-CognitiveServices,Microsoft/DACExtensions,Microsoft/CardinalityEstimation,Microsoft/FERPlus,Microsoft/vscode-htmlhint,Microsoft/aspnet-docker,Microsoft/uf2-samd21,Microsoft/extendvs,Microsoft/vso-agent,Microsoft/vscode-LaTeX,Microsoft/SimpleRestClients,Microsoft/Cognitive-LUIS-Python,Microsoft/BingMapsRESTToolkit,Microsoft/vsts-task-tool-lib,Microsoft/ILMerge,Microsoft/microsoft-r-open,Microsoft/java-client-library,Microsoft/DirectXTex,Microsoft/window-post-message-proxy,Microsoft/XamarinAzure_ShoppingDemoApp,Microsoft/Cognitive-Video-Windows,Microsoft/WebRTC-universal-samples,Microsoft/DirectXMath,Microsoft/ghcrawler-dashboard,Microsoft/vscode-jscs,Microsoft/Cognitive-Recommendations-Windows,Microsoft/Build-omi,Microsoft/PowerBI-visuals-FacetKey,Microsoft/Cognitive-Common-Windows,Microsoft/build2016-vsmobile,Microsoft/powerbi-visuals-sunburst,Microsoft/Static-Module-Verifier,Microsoft/vsts-vmware,Microsoft/DSC-data-driven-deployment,Microsoft/WPF-Samples,Microsoft/MobileCenter-Cli,Microsoft/Windows-appsample-rssreader,Microsoft/Cognitive-Speech-STT-JavaScript,Microsoft/PowerBI-visuals-TableSorter,Microsoft/mvp-summit-iot-workshop,Microsoft/crawler-dashboard,Microsoft/TACO,Microsoft/vssetup.powershell,Microsoft/ReSub,Microsoft/vsts-urbancode-deploy,Microsoft/ionic-typescript-tabs,Microsoft/DirectXTK12,Microsoft/Cognitive-LUIS-Android,Microsoft/Cognitive-Emotion-Windows,Microsoft/BikeSharing360_Websites,Microsoft/DevSkim-Sublime-Plugin,Microsoft/Cognitive-SpeakerRecognition-Python,Microsoft/XLIFF2-Object-Model,Microsoft/Cognitive-SpeakerRecognition-Windows,Microsoft/PowerBI-Developer-Samples,Microsoft/MIMWAL,Microsoft/vsts-zendesk-app,Microsoft/PowerBI-visuals-TimeBrush,Microsoft/azure-vhd-utils,Microsoft/TypeSearch,Microsoft/redux-dag-history,Microsoft/xbox-live-unity-plugin,Microsoft/Cognitive-Speech-STT-Windows,Microsoft/XmlNotepad,Microsoft/vscode-extension-samples,Microsoft/VisualStudio-TestHost,Microsoft/vsts-tomcat,Microsoft/ApplicationInsights-CPP,Microsoft/Range-V3-VS2015,Microsoft/timelinestoryteller,Microsoft/StorScore",
,"mozilla/mozilla-opennews,mozilla/mofo-ui,mozilla/django-csp,mozilla/mozjpeg,mozilla/Addon-Tests,mozilla/ipquest,mozilla/open-leadership-training-series,mozilla/meao,mozilla/srihash.org,mozilla/Jisort,mozilla/braingames,mozilla/vaani.client,mozilla/network-api,mozilla/shielddash,mozilla/node-convict,mozilla/embedly-proxy,mozilla/mozilla-campus-clubs,mozilla/OpenDesign,mozilla/mozwebqa-dashboard,mozilla/pulseguardian,mozilla/http-observatory-website,mozilla/libmozdata,mozilla/fxapom,mozilla/web-extension-manifest-schema,mozilla/antenna,mozilla/standup,mozilla/Socorro-Tests,mozilla/page-metadata-parser,mozilla/source-map,mozilla/mofo-allhands,mozilla/cipherscan,mozilla/moz-handler,mozilla/popcorn-editor,mozilla/nightlytt,mozilla/wikimo_opsec,mozilla/devroadshow2017,mozilla/sweet.js,mozilla/FoxPuppet,mozilla/nixpkgs-mozilla,mozilla/emojione-colr,mozilla/distribution-viewer,mozilla/riskHeatMap,mozilla/mozdef_client,mozilla/Snappy-Symbolication-Server,mozilla/mozfest-event-app,mozilla/web-ext,mozilla/python_mozaggregator,mozilla/universal-search-recommendation,mozilla/neo,mozilla/vaani.setup,mozilla/mozilla-django-oidc,mozilla/codemoji,mozilla/One-Mozilla-blog,mozilla/activity-streams,mozilla/localForage,mozilla/page-metadata-service,mozilla/nsf-challenge,mozilla/PyPOM,mozilla/experiments-viewer,mozilla/github-org-scripts,mozilla/morgoth,mozilla/content,mozilla/vtt.js,mozilla/trackertest,mozilla/testpilot-metrics,mozilla/snippets-tests,mozilla/global-sprint,mozilla/security-advisor-shield-study,mozilla/moz-games,mozilla/mofo-bootstrap,mozilla/tippy-top-sites,mozilla/webextension-polyfill,mozilla/id.webmaker.org,mozilla/standup-irc,mozilla/jupyter-notebook-gist,mozilla/hello-tests,mozilla/vaani.server,mozilla/basket,mozilla/mozmoderator,mozilla/addons-contribution-notifier,mozilla/murmur,mozilla/MozStumbler,mozilla/ichnaea,mozilla/jupyter-spark,mozilla/Reps,mozilla/vaani.raspberrypi,mozilla/mozmill-ci,mozilla/datomish,mozilla/serviceworker-cookbook,mozilla/ouija,mozilla/spiderweb,mozilla/ping-centre,mozilla/publish.webmaker.org,mozilla/django-session-csrf,mozilla/experimenter,mozilla/testpilot_metrics,mozilla/curriculum-final,mozilla/addon-recommendation-shield-study,mozilla/firefox-hardware-survey,mozilla/mattermost-heroku,mozilla/service-map,mozilla/servicebook-web,mozilla/shield-studies-addon-template,mozilla/clouseau,mozilla/schedule-app-core,mozilla/qbrt,mozilla/wptview,mozilla/login.webmaker.org,mozilla/observatory-cli,mozilla/vaani.iot,mozilla/python_etl,mozilla/openbadges-backpack,mozilla/voicebank-ios,mozilla/build-tooltool,mozilla/telemetry-streaming,mozilla/pontoon-to-json,mozilla/smarthome.iot,mozilla/configman,mozilla/release-blog,mozilla/areweslimyet,mozilla/socorrolib,mozilla/bidpom,mozilla/addons-bots,mozilla/Community-Design,mozilla/lightbeam,mozilla/coss,mozilla/mozlog,mozilla/magdalena,mozilla/build-relengapi,mozilla/git-bz-moz,mozilla/network-pulse-api,mozilla/testpilot-meta,mozilla/tctalker,mozilla/http-observatory-cli,mozilla/contribute.json,mozilla/internet-health-report,mozilla/http-observatory-dashboard,mozilla/mozilla.github.io,mozilla/cerberus,mozilla/rhino,mozilla/schedule-app-data-processor,mozilla/sawmill,mozilla/csp-logger,mozilla/persona,mozilla/mozfest-event-app-data-processor,mozilla/puente,mozilla/html5-lint",
,"w3c/remote-playback,w3c/imsc,w3c/webappsec-subresource-integrity,w3c/workshops,w3c/permissions,w3c/resource-timing,w3c/webpayments-methods-credit-transfer-direct-debit,w3c/fxtf-drafts,w3c/sensors,w3c/webcrypto,w3c/clreq,w3c/wai-tutorials,w3c/webappsec-credential-management,w3c/tt-profile-registry,w3c/dpub-pwp,w3c/push-api,w3c/wot-scripting-api,w3c/preload,w3c/gamepad,w3c/webpayments-methods-card,w3c/FileAPI,w3c/manifest,w3c/web-annotation-tests,w3c/webmediaapi,w3c/echidna,w3c/respec,w3c/webpayments-method-identifiers,w3c/pubsub,w3c/Mobile-A11y-Extension,w3c/mediacapture-record,w3c/activitypub,w3c/html-aam,w3c/selection-api,w3c/vr-workshop,w3c/IndexedDB,w3c/wai-inclusion,w3c/pointerlock,w3c/i18n-drafts,w3c/EasyChecks,w3c/testtwf-website-src,w3c/websub,w3c/ash-nazg,w3c/w3process,w3c/gyroscope,w3c/charter-html,w3c/magnetometer,w3c/motion-sensors,w3c/html-aria,w3c/input-events,w3c/tpac2016,w3c/webpayments-ig,w3c/webappsec,w3c/performance-timeline,w3c/tvcontrol-api,w3c/wdclient,w3c/w3c.github.io,w3c/i18n-checker,w3c/mediacapture-fromelement,w3c/navigation-timing,w3c/ambient-light,w3c/mathonwebpages,w3c/ldn,w3c/ortc,w3c/github_sync,w3c/webpayments-http-api,w3c/mediacapture-screen-share,w3c/proximity,w3c/wai-policies-prototype,w3c/w3process-obsolete-rescinded,w3c/mediacapture-worker,w3c/orientation-sensor,w3c/wptserve,w3c/requestidlecallback,w3c/i18n-activity,w3c/touch-events,w3c/editing,w3c/dpubwg-charter,w3c/websec,w3c/elreq,w3c/longtasks,w3c/aria-in-html,w3c/accelerometer,w3c/tr-design,w3c/markup-validator,w3c/webappsec-clear-site-data,w3c/wai-people-use-web,w3c/prbuildbot,w3c/dnt,w3c/webpayments-core-messages,w3c/webappsec-suborigins,w3c/DOM-Parsing,w3c/web-animations,w3c/ilreq,w3c/standards-track,w3c/hr-time,w3c/wot-architecture,w3c/page-visibility,w3c/webappsec-secure-contexts,w3c/perf-security-privacy,w3c/wai-website-personas,w3c/predefined-counter-styles,w3c/wake-lock,w3c/uievents,w3c/microdata,w3c/html-extensions,w3c/mediacapture-output,w3c/wai-quick-start,w3c/link-checker,w3c/web-nfc,w3c/deviceorientation,w3c/web-of-things-framework,w3c/klreq,w3c/user-timing,w3c/media-web-roadmap,w3c/spec-dashboard,w3c/charter-webperf,w3c/musicxml,w3c/css-validator,w3c/clipboard-apis,w3c/strategy,w3c/cg-charter,w3c/spec-generator,w3c/wai-intro-linking,w3c/pubsubhubbub",
,"01org/QAT_Engine,01org/libxcam,01org/libva,01org/edison-u-boot,01org/libva-utils,01org/tinycrypt,01org/fastuidraw,01org/fMBT,01org/gazebo-sitl,01org/CODK-A,01org/widl-nan,01org/bmap-tools,01org/intel-ipsec-mb,01org/mavlink-router,01org/collision-avoidance-library,01org/dps-for-iot,01org/zephyrjs-ide,01org/gstreamer-media-SDK,01org/iot-rest-api-server,01org/opa-psm2,01org/opa-fm,01org/mavlink-vehicles,01org/qemu-lite,01org/intel-arduino-tools,01org/msr-tools,01org/yarpgen,01org/ozone-wayland,01org/opa-ff,01org/websensor-compass,01org/vmf,01org/pyMIC,01org/CODK-Z,01org/edison-linux,01org/daal,01org/webbluetooth-edison-demo,01org/dleyna-server,01org/dleyna-renderer,01org/cmrt,01org/iot-js-api,01org/numatop,01org/dptf",
,"18F/atf-eregs,18F/fec-proxy,18F/digital-acquisition-playbook,18F/bug-bounty,18F/cf-hello-worlds,18F/agile-solicitation-builder,18F/federalist-builder,18F/cg-sandbox-bot,18F/18f-cli,18F/standup-slack-bot,18F/cg-tripwire-boshrelease,18F/hhs-acf-uc-api,18F/Modular-Contracting-And-Agile-Development,18F/deployer-account-broker,18F/dol-whd-14c,18F/s3-resource-simple,18F/standup-bot,18F/notalone,18F/bpa-opm-eqip,18F/crime-data-frontend,18F/ED-Developer-Hub,18F/fs-middlelayer-api,18F/climate-labs,18F/tts-buy-bug-bounty,18F/bpa-fedramp-dashboard,18F/api.data.gov,18F/shibboleth-boshrelease,18F/cfpb-eprocurement,18F/acquisitions.18f.gov,18F/federalist-docker-build,18F/jekyll_pages_api,18F/e-QIP-prototype,18F/ogp-payroll,18F/compliance-docs,18F/discovery,18F/acq-templates,18F/private-eye,18F/digitalaccelerator,18F/fec-efiling,18F/onboarding-documents,18F/hhs-acf-uc-dashboard,18F/meta,18F/uswds-rails-gem,18F/identity-intro,18F/cg-postmortems,18F/bpa-trello,18F/cg-deploy-uaa-guard-broker,18F/guides-template,18F/samwise,18F/code-of-conduct,18F/fedramp-data,18F/html-proofer-docker,18F/marigold,18F/raktabija,18F/cg-migrate-db,18F/bpa-fs-epermit-api,18F/guides,18F/fec-infrastructure,18F/acqstackdb,18F/API-All-the-X,18F/diagrams-app,18F/cf-limit-check,18F/api-program,18F/18F-stylelint,18F/riemann-firehose-nozzle,18F/cg-django-uaa,18F/azure-jenkins2-2016,18F/hourofcode,18F/acq-stack-track-app,18F/compliance-toolkit,18F/coming-attractions,18F/open-data-maker,18F/design,18F/cg-export-db,18F/blogging-guide,18F/test-repo,18F/cg-fake-uaa,18F/jekyll_frontmatter_tests,18F/acq-mo-medicaid-prototype-realtime-view,18F/fs-permit-api-schemas,18F/open-source-guide",
,"wso2/product-as,wso2/dockerfiles,wso2/wso2-axis2,wso2/balana,wso2/kubernetes-artifacts,wso2/jaggery,wso2/carbon-uuf-maven-tools,wso2/carbon-multitenancy,wso2/docker-apim,wso2/carbon-maven-plugins,wso2/carbon-uuf-common,wso2/developer-studio,wso2/cdmf-agent-android,wso2/carbon-datasources,wso2/carbon-ml,wso2/puppet-base,wso2/carbon-secvault,wso2/puppet-common,wso2/product-dss,wso2/carbon-parent,wso2/carbon-jndi,wso2/carbon-caching,wso2/docker-common,wso2/carbon-config,wso2/update-creator-tool,wso2/esb-connectors,wso2/carbon-utils,wso2/WSO2-Training,wso2/wso2-api-manager-plugins",
,"alphagov/contacts-admin,alphagov/e-petitions,alphagov/paas-tech-docs,alphagov/paas-rds-broker,alphagov/service-manual-frontend,alphagov/signonotron2,alphagov/verify-local-patterns,alphagov/govuk-cdn-config,alphagov/gds-boxen,alphagov/govuk_admin_template,alphagov/slimmer,alphagov/collections,alphagov/calendars,alphagov/government-service-design-manual,alphagov/notifications-java-client,alphagov/design-principles,alphagov/feedback,alphagov/notifications-python-client,alphagov/govuk-toolkit-chrome,alphagov/support-api,alphagov/notifications-ruby-client,alphagov/content-performance-manager,alphagov/govuk-lint,alphagov/finding-things-migration-checker,alphagov/fastly-configure,alphagov/router,alphagov/email-alert-frontend,alphagov/govuk_need_api,alphagov/govuk_frontend_toolkit_npm,alphagov/govuk_frontend_alpha,alphagov/govuk_accessibility_sandbox,alphagov/govuk_crawler_worker,alphagov/accessible-typeahead,alphagov/notifications-node-client,alphagov/trade-tariff-frontend,alphagov/govspeak,alphagov/styleguides,alphagov/tech-docs-template,alphagov/gds-sso,alphagov/authenticating-proxy,alphagov/signon,alphagov/govuk_design_prototypes,alphagov/dfid-transition,alphagov/link-checker-api,alphagov/accessibility-tool-audit,alphagov/stagecraft,alphagov/govwifi,alphagov/spotlight,alphagov/govuk-rails-app-template,alphagov/tech-and-data-standards,alphagov/accessibility-guidance,alphagov/govuk-guix,alphagov/govuk-component-guide",
,"zalando/tokens,zalando/package-build,zalando/reactive-nakadi,zalando/zalenium,zalando/pg_view,zalando/baigan-config,zalando/gin-oauth2,zalando/play-swagger,zalando/go-tokens,zalando/nakadi-klients,zalando/tracer,zalando/ghe-backup,zalando/OAuth2-mock-play,zalando/lizzy-client,zalando/clair-sqs,zalando/stups-etcd-cluster,zalando/tech-radar,zalando/zmon-data-service,zalando/spring-cloud-config-aws-kms,zalando/react-automatic-width,zalando/esio,zalando/zmon-docs,zalando/zmon,zalando/oauth2-client-js,zalando/zmon-worker,zalando/spring-boot-etcd,zalando/SwiftMonkey,zalando/jackson-datatype-money,zalando/problem,zalando/beard,zalando/planb-provider,zalando/nakadi-end2end,zalando/saiki-pemetaan,zalando/gin-gomonitor,zalando/znap,zalando/db_agg,zalando/java-sproc-wrapper,zalando/go-keyring,zalando/docker-openjdk,zalando/build-status-traffic-light,zalando/switchboard,zalando/docker-node,zalando/money-validation,zalando/stups2go,zalando/banknote,zalando/shop-api-documentation,zalando/python-nsenter,zalando/twintip-spring-web",
,"uber/idl,uber/hyperbahn,uber/rides-python-sdk,uber/jaeger-client-node,uber/rides-android-sdk,uber/r-dom,uber/npm-shrinkwrap,uber/ringpop-admin,uber/cherami-client-go,uber/jaeger-lib,uber/go-torch,uber/lb_pool,uber/image-diff,uber/kafka-logger,uber/rides-java-sdk,uber/tcheck,uber/ohana-ios,uber/react-digraph,uber/arachne,uber/jaeger-ui,uber/react-vis-force,uber/grafana-dash-gen,uber/AutoDispose,uber/tcurl,uber/node-statsd-client,uber/signals-ios,uber/pam-ussh,uber/umirrormaker,uber/canduit",
,"openstack/flame,openstack/monasca-thresh,openstack/charm-hacluster,openstack/fuel-stats,openstack/puppet-glare,openstack/python-smaugclient,openstack/kloudbuster,openstack/barbican-tempest-plugin,openstack/deb-zaqar-ui,openstack/python-scciclient,openstack/cloudroast,openstack/os-apply-config,openstack/deb-python-automaton,openstack/stackviz,openstack/openstack-ansible-os_almanach,openstack/fuel-ccp-etcd,openstack/rsc,openstack/puppet-cloudkitty,openstack/designate-specs,openstack/puppet-tacker,openstack/deb-python-os-testr,openstack/deb-python-os-apply-config,openstack/almanach,openstack/cloudbase-init,openstack/qa-specs,openstack/python-blazarclient,openstack/packetary,openstack/masakari-monitors,openstack/deb-python-rtslib-fb,openstack/salt-formula-kubernetes,openstack/deb-liberasurecode,openstack/swauth,openstack/deb-python-mox3,openstack/deb-python-sqlalchemy-utils,openstack/openstack-chef-repo,openstack/searchlight-specs,openstack/eslint-config-openstack,openstack/ossa,openstack/fuel-ccp-ceph,openstack/pyeclib,openstack/fuel-ccp-galera,openstack/deb-python-yaql,openstack/trio2o,openstack/bilean,openstack/deb-networking-mlnx,openstack/cookbook-openstack-identity,openstack/cloudcafe,openstack/deb-python-proliantutils,openstack/synergy-service,openstack/timmy,openstack/iotronic,openstack/fuel-ccp-openstack-base,openstack/deb-python-semver,openstack/python-cloudpulseclient,openstack/charms.openstack,openstack/requests-mock,openstack/charm-tempest,openstack/deb-msgpack-python,openstack/networking-nec,openstack/charm-odl-controller,openstack/python-redfish,openstack/charm-designate,openstack/fuel-plugin-xenserver,openstack/sushy,openstack/astara-appliance,openstack/proliantutils,openstack/quark,openstack/fuel-plugin-bgpvpn,openstack/deb-alembic,openstack/cookbook-openstack-integration-test,openstack/fuel-virtualbox,openstack/fuel-ccp-ironic,openstack/governance-uc,openstack/cookbook-openstack-telemetry,openstack/deb-migrate,openstack/fuel-plugin-mellanox,openstack/tripleo-incubator,openstack/fuel-plugin-nsx-t,openstack/deb-python-ldappool,openstack/git-upstream,openstack/charm-specs,openstack/mixmatch,openstack/giftwrap,openstack/charm-aodh,openstack/deb-python-pyghmi,openstack/fuel-plugin-ldap,openstack/cookbook-openstack-dashboard,openstack/deb-python-bashate,openstack/deb-kazoo,openstack/puppet-midonet,openstack/coverage2sql,openstack/fuel-plugin-ceilometer-redis,openstack/ansible-role-cloud-launcher,openstack/python-group-based-policy-client,openstack/bareon-ironic,openstack/python-kingbirdclient,openstack/cookbook-openstack-block-storage,openstack/charm-ceph-fs,openstack/deb-python-scciclient,openstack/deb-python-pyeclib,openstack/intel-nfv-ci-tests,openstack/fuel-plugin-external-zabbix,openstack/openstack-ansible-os_octavia,openstack/sqlalchemy-migrate,openstack/fuel-ccp-sahara,openstack/fuel-ccp-debian-base,openstack/cookbook-openstack-orchestration,openstack/deb-python-wrapt,openstack/deb-python-k8sclient,openstack/openstack-salt,openstack/deb-python-jsonschema,openstack/deb-swauth,openstack/congress-specs,openstack/fuel-nailgun-extension-iac,openstack/fuel-plugin-kafka,openstack/barbican-specs,openstack/deb-python-pykmip,openstack/broadview-collector,openstack/fuel-plugin-tacker,openstack/kiloeyes,openstack/deb-python-rfc3986,openstack/python-meteosclient,openstack/omni,openstack/deb-python-pulp,openstack/deb-python-dogpile.cache,openstack/ha-guide,openstack/ops-tags-team,openstack/networking-dpm,openstack/cookbook-openstack-compute,openstack/app-catalog-ui,openstack/deb-python-requestsexceptions,openstack/ovsdbapp,openstack/puppet-qdr,openstack/deb-python-happybase,openstack/deb-python-requests-mock,openstack/deb-python-txaio,openstack/python-nimbleclient,openstack/synergy-scheduler-manager,openstack/fuel-plugin-midonet,openstack/puppet-modulesync-configs,openstack/ospurge,openstack/cursive,openstack/deb-python-json-patch,openstack/ansible-role-zuul,openstack/delimiter,openstack/tuning-box,openstack/python-tricircleclient,openstack/interop,openstack/dox,openstack/deb-fonts-materialdesignicons-webfont,openstack/cookbook-openstack-image,openstack/charm-ceph-proxy,openstack/windmill,openstack/deb-python-nose-timer,openstack/picasso,openstack/group-based-policy-ui,openstack/fuel-plugin-plumgrid,openstack/meteos-ui,openstack/charm-designate-bind,openstack/cookbook-openstack-ops-database,openstack/charm-barbican,openstack/charm-openvswitch-odl,openstack/fuel-ccp-designate,openstack/openstack-resource-agents,openstack/deb-python-pyngus,openstack/python-don,openstack/puppet-freezer,openstack/networking-6wind,openstack/networking-huawei,openstack/python-distilclient,openstack/devstack-plugin-amqp1,openstack/solar,openstack/ironic-webclient,openstack/deb-python-cotyledon,openstack/deb-spice-html5,openstack/doc8,openstack/python-valenceclient,openstack/networking-ofagent,openstack/fuel-ccp-searchlight,openstack/os-failures,openstack/deb-python-futurist,openstack/deb-python-nose-parameterized,openstack/deb-python-xstatic-jsencrypt,openstack/shotgun,openstack/drbd-devstack,openstack/deb-python-doc8,openstack/devstack-plugin-glusterfs,openstack/security-analysis,openstack/deb-python-requests-kerberos,openstack/service-types-authority,openstack/deb-python-jsonpath-rw,openstack/deb-python-requests-unixsocket,openstack/deb-python-wsme,openstack/deb-python-semantic-version,openstack/faafo,openstack/deb-python-ddt,openstack/django-openstack-auth-kerberos,openstack/xstatic-angular-smart-table,openstack/ekko,openstack/deb-python-xstatic-angular-bootstrap,openstack/puppet-openstack-specs,openstack/deb-python-editor,openstack/security-specs,openstack/openstack-chef-specs,openstack/fuel-plugin-dbaas-trove,openstack/fairy-slipper,openstack/python-octaviaclient,openstack/devstack-plugin-sheepdog,openstack/deb-python-memcache,openstack/deb-python-monotonic,openstack/deb-python-nose-exclude,openstack/release-test,openstack/deb-python-croniter,openstack/deb-python-dib-utils,openstack/k8s-cloud-provider,openstack/molteniron,openstack/xstatic-angular-bootstrap,openstack/ansible-role-jenkins-job-builder,openstack/deb-python-httpretty,openstack/cue,openstack/deb-python-xstatic-angular-gettext,openstack/deb-python-xstatic-angular,openstack/monasca-kibana-plugin,openstack/deb-python-xstatic-spin,openstack/telemetry-specs,openstack/ramdisk-func-test,openstack/os-dpm,openstack/deb-testresources,openstack/ansible-role-ara,openstack/cookbook-openstack-ops-messaging,openstack/fuel-plugin-external-emc,openstack/charm-barbican-softhsm,openstack/monasca-grafana-datasource,openstack/fuel-ccp-rally,openstack/deb-python-pecan,openstack/deb-libisal,openstack/ceilometer-zvm,openstack/oaktree,openstack/mogan-specs,openstack/steth,openstack/deb-python-jsonpath-rw-ext,openstack/python-pankoclient,openstack/deb-python-django-overextends,openstack/fuel-plugin-detach-rabbitmq,openstack/deb-python-trollius,openstack/fuel-nailgun-extension-converted-serializers,openstack/nerd-reviewer,openstack/deb-python-wsgi-intercept,openstack/openstackclient,openstack/openstack-resource-agents-specs,openstack/deb-os-collect-config,openstack/deb-python-crank,openstack/deb-python-kmip,openstack/ansible-role-nodepool,openstack/fuel-plugin-scaleio,openstack/trove-image-builder,openstack/deb-python-pytimeparse,openstack/xstatic-jsencrypt,openstack/dib-utils,openstack/deb-subunit,openstack/python-wsmanclient,openstack/devstack-plugin-nfs,openstack/loci-requirements,openstack/broadview-lib,openstack/xstatic-mdi,openstack/deb-python-requestbuilder,openstack/valence-specs,openstack/xstatic-angular,openstack/devstack-plugin-hdfs,openstack/deb-auto-backports,openstack/networking-brocade,openstack/deb-python-django-babel,openstack/deb-python-fixtures,openstack/arch-wg,openstack/group-based-policy-specs,openstack/os-traits,openstack/deb-python-django-appconf,openstack/wsme,openstack/deb-python-xstatic-mdi,openstack/deb-python-positional,openstack/workload-ref-archs,openstack/deb-python-xstatic-objectpath,openstack/powervc-driver,openstack/boartty,openstack/deb-websockify,openstack/loci,openstack/fuel-plugin-6wind-virtual-accelerator,openstack/fuel-ccp-nginx,openstack/ansible-role-ssh,openstack/deb-python-ironic-lib,openstack/deb-python-xstatic-jquery,openstack/charm-layer-openstack,openstack/deb-python-tempest-lib,openstack/deb-networking-nec,openstack/deb-python-xvfbwrapper,openstack/openstack-ansible-py_from_git,openstack/charm-interface-mysql-shared,openstack/deb-python-fasteners,openstack/deb-python-couleur,openstack/uc-recognition,openstack/congress-dashboard,openstack/deb-python-cursive,openstack/deb-python-pika-pool,openstack/deb-python-rjsmin,openstack/deb-python-json-pointer,openstack/os-log-merger,openstack/deb-python-microversion-parse,openstack/deb-python-traceback2,openstack/masakari-specs,openstack/nfv-filters,openstack/deb-python-seamicroclient,openstack/deb-oslosphinx,openstack/xstatic-font-awesome,openstack/deb-python-pydotplus,openstack/devstack-plugin-container,openstack/operations-guide,openstack/deb-os-testr,openstack/deb-python-retrying,openstack/cyborg,openstack/deb-git-review,openstack/deb-python-xstatic-bootstrap-scss,openstack/deb-oslo.reports,openstack/deb-python-xstatic-smart-table,openstack/deb-os-refresh-config,openstack/deb-python-xstatic-angular-schema-form,openstack/release-schedule-generator,openstack/scalpels,openstack/anvil,openstack/deb-python-frozendict,openstack/deb-python-linecache2,openstack/xstatic-d3,openstack/networking-extreme,openstack/deb-oslo.db,openstack/deb-python-warlock,openstack/deb-python-pyvmomi,openstack/deb-python-xstatic-angular-fileupload,openstack/deb-oslo.privsep,openstack/deb-python-xstatic-angular-cookies,openstack/deb-python-coffin,openstack/deb-python-csscompressor,openstack/deb-python-django-bootstrap-form,openstack/deb-python-xstatic-jquery.bootstrap.wizard,openstack/deb-python-xstatic-angular-lrdragndrop,openstack/deb-python-os-vif,openstack/deb-python-xstatic-jquery.tablesorter,openstack/deb-python-shotgun,openstack/deb-fonts-roboto-fontface,openstack/deb-python-xstatic-jquery-ui,openstack/deb-python-concurrent.futures,openstack/deb-python-xstatic,openstack/kolla-mesos,openstack/deb-oslo.cache,openstack/deb-os-apply-config,openstack/deb-novnc,openstack/deb-python-xstatic-term.js,openstack/deb-python-xstatic-bootstrap-datepicker,openstack/deb-python-xstatic-roboto-fontface,openstack/deb-os-net-config,openstack/deb-python-xstatic-jquery-migrate,openstack/deb-oslo.messaging,openstack/deb-python-xstatic-jquery.quicksearch,openstack/deb-oslo.concurrency,openstack/deb-os-cloud-config,openstack/deb-python-xstatic-angular-mock,openstack/deb-oslo.i18n,openstack/cookbook-openstack-object-storage,openstack/deb-openstack-meta-packages,openstack/deb-os-brick,openstack/deb-python-xstatic-magic-search,openstack/deb-oslo.log,openstack/deb-python-xstatic-d3,openstack/deb-oslo.policy,openstack/deb-python-funcsigs,openstack/deb-python-weakrefmethod,openstack/deb-python-xstatic-font-awesome,openstack/deb-oslo.context,openstack/deb-os-client-config,openstack/deb-oslo.rootwrap,openstack/deb-python-xstatic-bootswatch,openstack/deb-os-win,openstack/deb-python-xstatic-hogan,openstack/deb-oslo.serialization,openstack/deb-python-xstatic-jasmine,openstack/deb-oslo.service,openstack/deb-python-xstatic-qunit,openstack/deb-oslo.middleware,openstack/deb-python-hplefthandclient,openstack/charm-interface-bind-rndc,openstack/fuel-plugin-astara,openstack/cookbook-openstack-bare-metal,openstack/distil-ui,openstack/fuel-ccp-grafana,openstack/xstatic-bootstrap-scss,openstack/deb-python-misaka,openstack/deb-os-vif,openstack/broadview-ui,openstack/solum-specs,openstack/charm-layer-ceph-base,openstack/ansible-role-nginx,openstack/charm-interface-hacluster,openstack/deb-oslo.config,openstack/charm-interface-rabbitmq,openstack/fuel-ccp-specs,openstack/syntribos-openstack-templates,openstack/fuel-plugin-detach-database,openstack/deb-python-pyldap,openstack/charm-interface-ceph-mds,openstack/ansible-role-jenkins-plugins,openstack/fuel-ccp-zmq,openstack/deb-trove,openstack/osops-coda,openstack/xstatic-jasmine,openstack/conveyor,openstack/xstatic-roboto-fontface,openstack/python-appcatalogclient,openstack/ansible-role-jenkins,openstack/oslo-incubator,openstack/ansible-role-shade,openstack/snap.openstack,openstack/ansible-role-diskimage-builder,openstack/fuel-plugin-detach-haproxy,openstack/openstack-ansible-ironic,openstack/rst2bash,openstack/fuel-plugin-networking-sfc,openstack/deb-python-pager,openstack/group-based-policy-automation,openstack/kite,openstack/xstatic-jquery.quicksearch,openstack/performa,openstack/networking-opencontrail,openstack/fuel-plugin-nitrous,openstack/cl-openstack-client,openstack/cookbook-openstack-application-catalog,openstack/syntribos-payloads,openstack/networking-zte,openstack/xstatic-angular-fileupload,openstack/snap-tempest,openstack/xstatic-angular-gettext,openstack/stacktach,openstack/python-rackclient,openstack/charm-trove,openstack/magnum-specs,openstack/xstatic-jquery.tablesorter,openstack/vmware-vspc,openstack/nomad,openstack/bareon-image-elements,openstack/xstatic-angular-sanitize,openstack/monitoring-for-openstack,openstack/networking-h3c,openstack/python-hnvclient,openstack/fuel-plugin-qlogic-sriov-vxlan,openstack/scientific-wg,openstack/deb-python-steadymark,openstack/os-namos,openstack/fuel-plugin-openbook,openstack/nemesis,openstack/fuel-plugin-zabbix-monitoring-extreme-networks,openstack/iotronic-lightning-rod,openstack/python-kiteclient,openstack/ansible-role-sudoers,openstack/virtualpdu,openstack/mogan-ui,openstack/glare-specs,openstack/snap-rally,openstack/xstatic-angular-cookies,openstack/karma-subunit-reporter,openstack/deb-python-pydot-ng,openstack/fuel-plugin-external-lb,openstack/ansible-role-zookeeper,openstack/ansible-role-bindep,openstack/openstack-ansible-os_molteniron,openstack/bareon-allocator,openstack/xstatic-qunit,openstack/devstack-plugin-zmq,openstack/snap-ceilometer,openstack/deb-python-rcssmin,openstack/fuel-plugin-saltstack,openstack/deb-python-tuskarclient,openstack/deb-oslo.versionedobjects,openstack/monitorstack,openstack/designate-msdnsagent,openstack/networking-cumulus,openstack/docker-machine-openstack,openstack/governance-website,openstack/fuel-plugin-calico,openstack/xstatic-jquery-migrate,openstack/deb-oslotest,openstack/python-iotronicclient,openstack/dash-stack,openstack/xstatic-hogan,openstack/deb-python-lesscpy,openstack/craton-dashboard,openstack/deb-python-nosehtmloutput,openstack/deb-python-xstatic-tv4,openstack/xstatic-spin,openstack/deb-python-extras,openstack/deb-python-jsonrpclib,openstack/xstatic-angular-ui-router,openstack/deb-python-xstatic-rickshaw,openstack/deb-oslo.vmware,openstack/tripleo-repos,openstack/deb-python-aioeventlet,openstack/python-bileanclient,openstack/downpour,openstack/deb-python-multi-key-dict,openstack/oaktreemodel,openstack/deb-python-websocket-client,openstack/fuel-plugin-congress,openstack/deb-python-django-pyscss,openstack/deb-python-jingo,openstack/deb-python-quantumclient,openstack/cookbook-openstack-data-processing,openstack/charm-interface-openstack-ha,openstack/ui-cookiecutter,openstack/fuel-plugin-zabbix-snmptrapd,openstack/openstack-ux,openstack/deb-python-django-discover-runner,openstack/python-picassoclient,openstack/networking-baremetal,openstack/fuel-ccp-elasticsearch,openstack/deb-python-daemonize,openstack/deb-openstack-nose,openstack/fuel-plugin-zabbix-monitoring-emc,openstack/turbo-hipster,openstack/packetary-specs,openstack/cookbook-openstack-database,openstack/osops-example-configs,openstack/pylockfile,openstack/salt-formula-midonet,openstack/cloudkitty-specs,openstack/networking-avaya,openstack/snap-openstackclients,openstack/spanner,openstack/openstack-ansible-os_monasca-ui,openstack/microversion-parse,openstack/solum-infra-guestagent,openstack/python-namosclient,openstack/ansible-role-virtualenv,openstack/xstatic-angular-mock,openstack/fuel-plugin-qemu,openstack/xstatic-bootswatch,openstack/fuel-upgrade,openstack/compass-adapters,openstack/i18n-specs,openstack/mitmstack,openstack/fuel-plugin-nuage,openstack/namos,openstack/ailuropoda,openstack/deb-oslo.utils,openstack/ironic-tempest-plugin,openstack/deb-python-savannaclient,openstack/development-proposals,openstack/fuel-plugin-unity",
,"openstack/deb-python-os-win,openstack/kingbird,openstack/monasca-analytics,openstack/deb-python-oslo.rootwrap,openstack/deb-python-pbr,openstack/deb-python-dcos,openstack/python-gnocchiclient,openstack/os-collect-config,openstack/deb-networking-l2gw,openstack/networking-generic-switch,openstack/deb-python-tosca-parser,openstack/oslosphinx,openstack/salt-formula-opencontrail,openstack/mogan,openstack/deb-senlin-dashboard,openstack/deb-python-troveclient,openstack/stevedore,openstack/instack,openstack/puppet-vswitch,openstack/deb-python-tooz,openstack/networking-arista,openstack/yaql,openstack/python-cloudkittyclient,openstack/deb-python-oslo.utils,openstack/networking-powervm,openstack/futurist,openstack/anchor,openstack/deb-bandit,openstack/deb-python-oslo.service,openstack/vmware-nsxlib,openstack/gertty,openstack/valence,openstack/nimble,openstack/ceilometer-powervm,openstack/fuel-plugin-lma-collector,openstack/devstack-plugin-ceph,openstack/deb-python-oslo.vmware,openstack/openstack-ansible-os_cloudkitty,openstack/deb-python-django-openstack-auth,openstack/networking-calico,openstack/charm-ceph-mon,openstack/deb-python-castellan,openstack/fuel-plugins,openstack/deb-python-saharaclient,openstack/cloudkitty-dashboard,openstack/networking-infoblox,openstack/zaqar-ui,openstack/puppet-openstack_extras,openstack/charm-ceph-osd,openstack/deb-python-osc-lib,openstack/python-jenkins,openstack/fuel-noop-fixtures,openstack/puppet-pacemaker,openstack/deb-python-taskflow,openstack/os-testr,openstack/deb-python-designateclient,openstack/deb-python-cliff,openstack/trove-specs,openstack/deb-python-os-collect-config,openstack/deb-python-oslo.privsep,openstack/deb-networking-cisco,openstack/project-team-guide,openstack/tacker-specs,openstack/project-navigator-data,openstack/defcore,openstack/fuel-ccp-stacklight,openstack/deb-python-oslo.serialization,openstack/charm-ceph-radosgw,openstack/compute-hyperv,openstack/ara,openstack/oslo.i18n,openstack/deb-trove-dashboard,openstack/astara,openstack/debtcollector,openstack/puppet-octavia,openstack/fuel-ccp-rabbitmq,openstack/karbor-dashboard,openstack/puppet-panko,openstack/deb-python-osprofiler,openstack/openstack-ansible-os_monasca,openstack/deb-designate-dashboard,openstack/charm-ceph,openstack/sahara-extra,openstack/deb-python-oslo.concurrency,openstack/deb-python-eventlet,openstack/puppet-openstack-guide,openstack/refstack-client,openstack/deb-python-oslo.cache,openstack/deb-python-ironic-inspector-client,openstack/openstack-ansible-os_watcher,openstack/os-cloud-config,openstack/deb-networking-arista,openstack/deb-python-aodhclient,openstack/renderspec,openstack/oslo-specs,openstack/deb-nodepool,openstack/charm-ceilometer,openstack/monasca-ceilometer,openstack/solum-dashboard,openstack/training-labs,openstack/puppet-openstack-cookiecutter,openstack/openstack-helm,openstack/charm-openstack-dashboard,openstack/opencafe,openstack/deb-python-oslo.context,openstack/puppet-vitrage,openstack/deb-python-ceilometermiddleware,openstack/openstack-health,openstack/deb-stevedore,openstack/deb-python-pygit2,openstack/pycadf,openstack/python-oneviewclient,openstack/deb-python-congressclient,openstack/fuel-plugin-vmware-dvs,openstack/puppet-rally,openstack/collectd-ceilometer-plugin,openstack/puppet-watcher,openstack/ldappool,openstack/deb-python-falcon,openstack/deb-python-autobahn,openstack/puppet-congress,openstack/deb-ironic-ui,openstack/puppet-monasca,openstack/deb-python-os-client-config,openstack/oslo.reports,openstack/charm-percona-cluster,openstack/interop-workloads,openstack/mox3,openstack/deb-python-pymemcache,openstack/deb-python-oslo.i18n,openstack/deb-networking-midonet,openstack/installguide-cookiecutter,openstack/ironic-staging-drivers,openstack/networking-vsphere,openstack/puppet-ovn,openstack/pymod2pkg,openstack/networking-fujitsu,openstack/sahara-specs,openstack/deb-python-pysaml2,openstack/deb-python-os-cloud-config,openstack/python-k8sclient,openstack/deb-ryu,openstack/pyghmi,openstack/networking-plumgrid,openstack/python-dracclient,openstack/fuel-ccp-entrypoint,openstack/deb-python-reno,openstack/blazar,openstack/meteos,openstack/salt-formula-ceilometer,openstack/openstack-ansible-pip_lock_down,openstack/deb-glare,openstack/fuel-nailgun-extension-cluster-upgrade,openstack/cookbook-openstack-common,openstack/fuel-plugin-nsxv,openstack/deb-python-cassandra-driver,openstack/deb-python-oauth2client,openstack/deb-python-hacking,openstack/trove-integration,openstack/liberasurecode,openstack/deb-python-oslo.reports,openstack/oslotest,openstack/deb-ceilometermiddleware,openstack/python-masakariclient,openstack/fuel-plugin-lma-infrastructure-alerting,openstack/deb-python-pymysql,openstack/os-faults,openstack/fuel-plugin-elasticsearch-kibana,openstack/fuel-plugin-influxdb-grafana,openstack/deb-python-os-refresh-config,openstack/shaker,openstack/fuel-ccp-ci-config,openstack/poppy,openstack/charm-lxd,openstack/charms.ceph,openstack/sahara-ci-config,openstack/deb-python-gnocchiclient,openstack/deb-python-kafka,openstack/networking-zvm,openstack/python-cratonclient,openstack/deb-python-pycadf,openstack/cookbook-openstack-network,openstack/deb-python-gabbi,openstack/networking-bigswitch,openstack/fuel-plugin-ovs,openstack/js-openstack-lib,openstack/freezer-specs,openstack/virtualbmc,openstack/golang-client,openstack/vitrage-specs,openstack/puppet-openstack_spec_helper,openstack/fuel-plugin-openstack-telemetry,openstack/fuel-ccp-mariadb,openstack/compass-core,openstack/networking-onos,openstack/network-checker,openstack/vmtp,openstack/deb-python-pint,openstack/fuel-plugin-opendaylight,openstack/distil,openstack/zaqar-specs,openstack/deb-python-django-compressor,openstack/os-refresh-config,openstack/deb-python-oslotest,openstack/freezer-dr,openstack/python-moganclient,openstack/fuel-ccp-memcached,openstack/smaug-dashboard,openstack/ooi,openstack/zun-ui,openstack/charm-ceilometer-agent,openstack/kosmos,openstack/deb-python-colander,openstack/ironic-inspector-specs,openstack/networking-fortinet,openstack/charm-guide,openstack/charm-rabbitmq-server,openstack/cloudpulse,openstack/deb-networking-hyperv,openstack/deb-python-debtcollector,openstack/automaton,openstack/deb-python-toml,openstack/networking-mlnx,openstack/python-glareclient",
,"openstack/deb-sahara-dashboard,openstack/bandit,openstack/deb-python-diskimage-builder,openstack/os-win,openstack/python-saharaclient,openstack/puppet-ceph,openstack/python-troveclient,openstack/openstack-ansible-rsyslog_server,openstack/senlin-dashboard,openstack/monasca-notification,openstack/python-ceilometerclient,openstack/networking-vpp,openstack/deb-networking-odl,openstack/osprofiler,openstack/monasca-ui,openstack/openstack-ansible-pip_install,openstack/sahara-image-elements,openstack/fuel-octane,openstack/tooz,openstack/tripleo-image-elements,openstack/oslo.vmware,openstack/openstack-ansible-memcached_server,openstack/monasca-persister,openstack/python-solumclient,openstack/craton,openstack/deb-python-watcherclient,openstack/watcher-specs,openstack/ironic-ui,openstack/fuel-specs,openstack/fuel-astute,openstack/django_openstack_auth,openstack/puppet-barbican,openstack/puppet-gnocchi,openstack/deb-python-barbicanclient,openstack/deb-python-magnumclient,openstack/deb-python-monascaclient,openstack/openstack-ansible-openstack_openrc,openstack/panko,openstack/oslo.service,openstack/puppet-sahara,openstack/sahara-tests,openstack/python-congressclient,openstack/gerrit-dash-creator,openstack/magnum-ui,openstack/os-client-config,openstack/i18n,openstack/refstack,openstack/python-aodhclient,openstack/deb-congress,openstack/oslo.concurrency,openstack/glare,openstack/openstack-ansible-ceph_client,openstack/openstack-ansible-os_rally,openstack/fuel-devops,openstack/oslo.rootwrap,openstack/training-guides,openstack/vitrage-dashboard,openstack/watcher-dashboard,openstack/fuel-nailgun-agent,openstack/openstack-ansible-os_designate,openstack/puppet-oslo,openstack/tripleo-ui,openstack/openstack-ansible-os_sahara,openstack/deb-gnocchi,openstack/browbeat,openstack/fuel-menu,openstack/openstack-ansible-os_trove,openstack/networking-ovs-dpdk,openstack/os-net-config,openstack/searchlight-ui,openstack/tap-as-a-service,openstack/patrole,openstack/deb-python-oslo.middleware,openstack/fuel-mirror,openstack/puppet-zaqar,openstack/openstack-ansible-apt_package_pinning,openstack/deb-python-senlinclient,openstack/fuxi,openstack/reno,openstack/gluon,openstack/python-freezerclient,openstack/oslo.cache,openstack/deb-python-tackerclient,openstack/ceilometermiddleware,openstack/tripleo-validations,openstack/openstack-user-stories,openstack/monasca-transform,openstack/oslo.serialization,openstack/deb-python-oslo.policy,openstack/trove-dashboard,openstack/deb-python-ceilometerclient,openstack/puppet-magnum,openstack/python-vitrageclient,openstack/oslo.privsep,openstack/oslo.context,openstack/openstack-ansible-os_zaqar,openstack/openstack-ansible-specs,openstack/deb-python-fuelclient,openstack/deb-python-zaqarclient,openstack/deb-python-oslo.db,openstack/fuel-ccp-tests,openstack/python-ironic-inspector-client,openstack/storlets,openstack/monasca-statsd,openstack/masakari,openstack/designate-tempest-plugin,openstack/openstack-ansible-os_barbican,openstack/castellan,openstack/fuel-ccp-installer,openstack/deb-python-os-net-config,openstack/networking-bagpipe,openstack/designate-dashboard,openstack/stacklight-integration-tests,openstack/python-searchlightclient,openstack/deb-python-oslo.versionedobjects,openstack/python-karborclient",
"Apache-Labor,MyCATApache",,
,"apache/openoffice,apache/commons-fileupload,apache/maven-plugin-tools,apache/infrastructure-puppet-kitchen,apache/flex-utilities,apache/incubator-ponymail-site,apache/bahir-flink,apache/cordova-plugin-console,apache/airavata-docs,apache/couchdb-mem3,apache/synapse,apache/qpid,apache/incubator-guacamole-server,apache/openjpa,apache/incubator-unomi,apache/cxf-fediz,apache/cloudstack-www,apache/incubator-senssoft-tap,apache/cordova-plugin-screen-orientation,apache/incubator-omid,apache/incubator-htrace,apache/incubator-fluo,apache/aurora-packaging,apache/commons-configuration,apache/qpid-python,apache/incubator-wave,apache/karaf-decanter,apache/directory-kerby,apache/commons-bcel,apache/incubator-taverna-common-activities,apache/openmeetings,apache/cordova-plugin-test-framework,apache/incubator-apex-site,apache/incubator-fluo-website,apache/incubator-streams-examples,apache/incubator-carbondata-site,apache/directory-fortress-core,apache/incubator-taverna-language,apache/incubator-edgent-website,apache/tomcat60,apache/struts-site,apache/empire-db,apache/incubator-commonsrdf,apache/incubator-taverna-site,apache/karaf-cellar,apache/incubator-ponymail,apache/commons-pool,apache/incubator-tamaya-extensions,apache/incubator-hawq-site,apache/qpid-jms,apache/commons-validator,apache/couchdb-couch-index,apache/commons-jexl,apache/incubator-ratis,apache/httpclient,apache/incubator-s2graph,apache/cordova-mobile-spec,apache/polygene-java,apache/aries-rsa,apache/bahir-website,apache/commons-csv,apache/ofbiz-framework,apache/incubator-streams-master,apache/stratos,apache/commons-codec,apache/marmotta,apache/cordova-medic,apache/archiva,apache/maven-release,apache/uima-ducc,apache/fop,apache/cordova-js,apache/cordova-create,apache/incubator-horn,apache/apr-util,apache/incubator-taverna-mobile,apache/qpid-broker-j,apache/cordova-plugins,apache/incubator-tamaya-sandbox,apache/serf,apache/incubator-datafu,apache/arrow-site,apache/commons-email,apache/knox,apache/incubator-batchee,apache/directory-shared,apache/servicemix,apache/any23,apache/commons-imaging,apache/archiva-redback-core,apache/uima-as,apache/incubator-taverna-maven-parent,apache/airavata-site,apache/couchdb-mango,apache/incubator-quickstep-site,apache/geronimo-specs,apache/incubator-fluo-recipes,apache/commons-jcs,apache/uima-uimaj,apache/incubator-twill,apache/commons-beanutils,apache/incubator-milagro-mfa-js-lib,apache/creadur-rat,apache/couchdb-nano,apache/derby,apache/commons-cli,apache/pdfbox-docs,apache/commons-rng,apache/commons-vfs,apache/lucy,apache/commons-dbcp,apache/samza-hello-samza,apache/johnzon,apache/incubator-guacamole-manual,apache/flex-typedefs,apache/incubator-taverna-commandline,apache/sis,apache/accumulo-examples,apache/wss4j,apache/incubator-hawq-docs,apache/ctakes,apache/commons-complex,apache/incubator-senssoft-useralejs,apache/parquet-format,apache/polygene-website,apache/incubator-johnzon,apache/buildr,apache/incubator-openwhisk-package-pushnotifications,apache/chemistry-opencmis,apache/incubator-freemarker-site,apache/santuario-java,apache/commons-rdf,apache/openwebbeans,apache/commons-collections,apache/oodt,apache/incubator-samoa,apache/incubator-gearpump-site,apache/couchdb-config,apache/cloudstack-docs-admin,apache/incubator-taverna-engine,apache/incubator-griffin,apache/jspwiki,apache/incubator-senssoft,apache/commons-numbers,apache/incubator-weex-site,apache/cordova-app-hello-world,apache/tomcat-native,apache/struts-extras,apache/couchdb-couch-log,apache/aries-jax-rs-whiteboard,apache/asterixdb-site,apache/maven-doxia,apache/cordova-plugin-compat,apache/incubator-fineract-site,apache/airavata-sandbox,apache/httpcore,apache/tomee-site,apache/incubator-taverna-osgi,apache/bval,apache/cloudstack-docs-rn,apache/drill-site,apache/jackrabbit-filevault,apache/calcite-avatica,apache/bloodhound,apache/maven-enforcer,apache/mina,apache/cordova-plugman,apache/maven-sandbox,apache/commons-weaver,apache/incubator-madlib-site,apache/incubator-mynewt-blinky,apache/incubator-juneau-website,apache/flex-flexunit,apache/stanbol,apache/directory-fortress-enmasse,apache/ant-easyant-core,apache/brooklyn,apache/couchdb-pkg,apache/couchdb-cassim,apache/incubator-predictionio-template-recommender,apache/cxf-dosgi,apache/logging-log4j-scala,apache/cordova-plugin-legacy-whitelist,apache/incubator-milagro-mfa-server,apache/hama,apache/directory-server,apache/qpid-proton-j,apache/opennlp-sandbox,apache/incubator-milagro-mfa-sdk-core,apache/commons-daemon,apache/incubator-milagro-mfa-js-client,apache/incubator-openwhisk-tutorial,apache/batik,apache/incubator-toree-website,apache/cordova-browser,apache/incubator-iota-site,apache/zest-java,apache/maven-doxia-sitetools,apache/oltu,apache/ofbiz-plugins,apache/maven-skins,apache/incubator-mrql,apache/lucy-clownfish,apache/couchdb-global-changes,apache/struts-examples,apache/incubator-taverna-server,apache/incubator-taverna-workbench,apache/couchdb-docker,apache/chukwa,apache/commons-net,apache/incubator-netbeans-website,apache/infrastructure-gitbox-test,apache/incubator-taverna-plugin-gis,apache/incubator-predictionio-template-similar-product,apache/incubator-predictionio-template-attribute-based-classifier,apache/apache-website-template,apache/log4net,apache/axis2-java,apache/incubator-guacamole-website,apache/webservices-axiom,apache/velocity-engine,apache/incubator-tamaya-site,apache/pivot,apache/rampart,apache/geode-examples,apache/velocity-tools,apache/cassandra-builds,apache/incubator-griffin-site,apache/james-jspf,apache/httpasyncclient,apache/flex-blazeds,apache/james-mime4j,apache/lucy-charmonizer,apache/asterixdb-bad,apache/activemq-cli-tools,apache/maven-aether,apache/incubator-hivemall-site,apache/karaf-site,apache/roller,apache/incubator-freemarker-online-tester,apache/incubator-openaz,apache/directory-fortress-realm,apache/ant-ivy,apache/incubator-taverna-databundle-viewer,apache/logging-log4cxx,apache/cordova-osx,apache/accumulo-wikisearch,apache/karaf-cave,apache/nifi-maven,apache/forrest,apache/servicemix-maven-plugins,apache/incubator-milagro-crypto,apache/geode-site,apache/cordova-labs,apache/servicemix-specs,apache/qpid-jms-amqp-0-x,apache/incubator-milagro-mfa-sdk-android,apache/usergrid-swift,apache/incubator-taverna-workbench-common-activities,apache/couchdb-couch-epi,apache/incubator-milagro-mfa-sdk-ios,apache/couchdb-ioq,apache/incubator-predictionio-template-skeleton,apache/incubator-openwhisk-test,apache/cordova-ubuntu,apache/cloudstack-cloudmonkey,apache/commons-scxml,apache/maven-jxr,apache/usergrid-nodejs,apache/incubator-senssoft-user-ale,apache/manifoldcf-integration-solr-4.x,apache/commons-jelly,apache/couchdb-admin,apache/commons-build-plugin,apache/couchdb-peruser,apache/directory-studio,apache/geronimo-yoko,apache/uima-ruta,apache/maven-indexer,apache/couchdb-couch-event,apache/geronimo-javamail,apache/incubator-taverna-plugin-bioinformatics,apache/james-jdkim,apache/cloudstack-docs-install,apache/tiles,apache/usergrid-android,apache/commons-logging,apache/incubator-senssoft-stout,apache/geronimo-xbean,apache/infrastructure-mergebot-test,apache/directory-fortress-commander,apache/incubator-predictionio-template-ecom-recommender,apache/santuario-cpp,apache/infrastructure-test,apache/myfaces-scripting,apache/meecrowave,apache/couchdb-jquery-couch,apache/commons-dbutils,apache/odftoolkit,apache/river,apache/tomcat-maven-plugin,apache/cordova-amazon-fireos,apache/usergrid-dotnet,apache/commons-jxpath,apache/karaf-boot,apache/incubator-predictionio-template-text-classifier,apache/usergrid-java,apache/commons-el,apache/directory-project,apache/ddlutils,apache/chemistry-dotcmis,apache/roller-website,apache/incubator-senssoft-distill,apache/flex-tlf,apache/tomcat-connectors,apache/activemq-cpp,apache/ode-console,apache/cocoon,apache/clerezza,apache/incubator-mynewt-newtmgr,apache/chemistry-cmislib,apache/manifoldcf-integration-solr-3.x,apache/trafficserver-qa,apache/olingo-odata4-js,apache/maven-doxia-tools,apache/incubator,apache/couchdb-twig,apache/accumulo-testing,apache/couchdb-erlang-tests,apache/juddi,apache/abdera,apache/uima-uimafit,apache/couchdb-glazier,apache/logging-log4net,apache/cxf-build-utils,apache/cordova-wp8,apache/flex-tourjs,apache/couchdb-setup,apache/incubator-milagro-mfa-sdk-wp,apache/james-jsieve,apache/usergrid-javascript,apache/aries-jpa,apache/continuum,apache/iampoc,apache/tiles-autotag,apache/activemq-nms-xms,apache/commons-discovery,apache/infrastructure-packer,apache/jspwiki-asf-docs,apache/xmlbeans,apache/cordova-electron,apache/cordova-blackberry,apache/directory-skins,apache/cordova-qt,apache/cordova-firefoxos,apache/zetacomponents,apache/incubator-milagro-tls,apache/incubator-rya-site,apache/activemq-nms-msmq,apache/opennlp-addons,apache/cordova-wp7,apache/ant-easyant-tasks,apache/cordova-app-harness,apache/commons-modeler,apache/openmeetings-site,apache/ant-easyant-buildtypes,apache/incubator-predictionio-sdk-ruby,apache/ant-easyant-easyant4e,apache/creadur-tentacles,apache/chemistry-phpclient,apache/tapestry5,apache/ant-easyant-plugins,apache/cordova-tizen,apache/apr-iconv,apache/incubator-openaz-site,apache/cordova-registry-web,apache/karaf-eik,apache/couchdb-ci,apache/activemq-nms-amqp,apache/logging-log4j-boot,apache/servicemix-website,apache/cloudstack-docs,apache/cordova-weinre,apache/maven-plugin-testing,apache/couchdb-snappy,apache/incubator-predictionio-template-java-ecom-recommender,apache/mod_perl,apache/couchdb-folsom,apache/chemistry-portcmis,apache/activemq-nms-ems,apache/cordova-webos,apache/activemq-nms-zmq,apache/fop-pdf-images,apache/struts-master,apache/incubator-freemarker-docgen,apache/ode,apache/cordova-bada,apache/jclouds,apache/incubator-predictionio-sdk-php,apache/couchdb-couch-stats,apache/ant-antlibs-antunit,apache/xml-graphics-commons,apache/usergrid-qakka,apache/manifoldcf-integration-sharepoint-2010,apache/manifoldcf-integration-sharepoint-2007,apache/sirona,apache/mrunit,apache/activemq-nms-api,apache/creadur-site,apache/incubator-senssoft-userale-pyqt5,apache/xerces2-j,apache/archiva-site,apache/incubator-brooklyn,apache/log4cxx,apache/cxf-xjc-utils,apache/cayenne-modeler,apache/incubator-sentry,apache/incubator-asterixdb-hyracks,apache/xerces-c,apache/couchdb-jiffy,apache/ace,apache/incubator-annotator-website,apache/log4j,apache/clerezza-rdf-core,apache/cordova-bada-wac,apache/incubator-taverna-plugin-component,apache/maven-resources,apache/struts-archetypes,apache/ant-easyant-skeletons,apache/servicemix-features,apache/commons-bsf,apache/incubator-predictionio-sdk-python,apache/uima-addons,apache/apreq,apache/commons-digester,apache/xalan-j,apache/incubator-taverna-workbench-product,apache/webservices-xmlschema,apache/commons-exec,apache/ftpserver,apache/commons-ognl,apache/activemq-nms-openwire,apache/usergrid-python,apache/logging-parent,apache/uima-build,apache/geronimo-txmanager,apache/incubator-netbeans-temp,apache/axis2-c,apache/activemq-nms-stomp,apache/cordova-template-reference,apache/incubator-blur,apache/commons-launcher,apache/jspwiki-site,apache/logging-log4php,apache/geronimo-genesis,apache/commons-chain,apache/logging-log4j-tools",
,"apache/giraph,apache/airavata-php-gateway,apache/tomcat70,apache/shiro,apache/incubator-apex-core,apache/apr,apache/cordova-plugin-vibration,apache/couchdb-couch-mrview,apache/vxquery,apache/pdfbox,apache/maven-integration-testing,apache/whimsy,apache/accumulo-website,apache/incubator-gossip,apache/maven-shared,apache/maven-wagon,apache/incubator-mnemonic,apache/incubator-iota,apache/flex-falcon,apache/flex-sdk,apache/twill,apache/maven-surefire,apache/cordova-plugin-device-motion,apache/incubator-tephra,apache/infrastructure-website,apache/bahir,apache/brooklyn-client,apache/qpid-java,apache/celix,apache/incubator-edgent,apache/cordova-paramedic,apache/climate,apache/incubator-rocketmq-externals,apache/sqoop,apache/incubator-slider,apache/incubator-quarks-website,apache/flex-site,apache/incubator-guacamole-client,apache/mahout,apache/pig,apache/spamassassin,apache/manifoldcf,apache/incubator-myriad,apache/mina-sshd,apache/cordova-plugin-whitelist,apache/maven-pom,apache/allura,apache/couchdb-www,apache/qpid-cpp,apache/incubator-tamaya,apache/cordova-plugin-globalization,apache/jackrabbit,apache/cordova-plugin-battery-status,apache/cordova-plugin-device,apache/couchdb-couch-replicator,apache/helix,apache/incubator-systemml-website,apache/brooklyn-ui,apache/maven-scm,apache/wicket-site,apache/tapestry-5,apache/maven-resolver,apache/maven-archetype,apache/shiro-site,apache/incubator-freemarker,apache/cordova-plugin-device-orientation,apache/incubator-ariatosca,apache/incubator-juneau",
,"apache/eagle,apache/tomcat,apache/incubator-gearpump,apache/qpid-dispatch,apache/maven-plugins,apache/incubator-mynewt-site,apache/tez,apache/incubator-quarks,apache/metamodel,apache/commons-compress,apache/cordova-cli,apache/cordova-plugin-statusbar,apache/cordova-plugin-dialogs,apache/yetus,apache/aries,apache/isis,apache/incubator-madlib,apache/commons-text,apache/brooklyn-dist,apache/tomcat85,apache/commons-math,apache/incubator-asterixdb,apache/servicemix-bundles,apache/gora,apache/tomee,apache/cordova-plugin-wkwebview-engine,apache/incubator-pirk,apache/incubator-tinkerpop,apache/cordova-plugin-file-transfer,apache/cordova-plugin-network-information,apache/olingo-odata4,apache/orc,apache/ant,apache/couchdb-fabric,apache/apex-site,apache/olingo-odata2,apache/maven-site,apache/cordova-plugin-media-capture,apache/tomcat80,apache/jmeter,apache/crunch,apache/usergrid,apache/tajo,apache/cordova-plugin-geolocation,apache/poi,apache/portals-pluto,apache/cordova-coho,apache/incubator-rocketmq-site,apache/cordova-plugin-splashscreen,apache/incubator-streams",
,"apache/brooklyn-server,apache/incubator-joshua,apache/incubator-toree,apache/incubator-singa,apache/incubator-rocketmq,apache/james-project,apache/parquet-mr,apache/cordova-windows,apache/brooklyn-docs,apache/ranger,apache/couchdb-fauxton,apache/cayenne,apache/asterixdb,apache/incubator-mynewt-newt,apache/parquet-cpp,apache/cordova-plugin-camera,apache/commons-crypto,apache/deltaspike,apache/bookkeeper,apache/nutch,apache/syncope,apache/airavata,apache/cordova-plugin-media,apache/incubator-rya,apache/incubator-distributedlog,apache/felix,apache/oozie,apache/incubator-spot,apache/cordova-plugin-contacts,apache/sentry,apache/opennlp,apache/cordova-plugin-file,apache/brooklyn-library,apache/commons-io,apache/flex-asjs,apache/struts,apache/incubator-apex-malhar,apache/couchdb-couch",
linux-sunxi,"openstack/openstack,openstack/stackalytics","OpenStack (other),Apache (other),OpenStack Infra,Google (other),Microsoft (other),OpenStack Stackalytics, OpenStack Other Repos"
,"github/platform-samples,SchweizerischeBundesbahnen/releasetrain",
"EPFL-SV-cpp-projects,skillcrush",,
# To skip OpenStack Manuals
# ,,"OpenStack Manuals"
